Route Name,Route Link,Bus Name,Bus Type,Departure Time,Duration,Arrival Time,Fare,Seats Available,Rating
Patiala to Delhi,https://www.redbus.in/bus-tickets/patiala-to-delhi,PEPSU (Punjab) - 67101,AC Seater Hvac 2+2,15:25:00,05h 01m,20:26:00,440,37,3.3
Patiala to Delhi,https://www.redbus.in/bus-tickets/patiala-to-delhi,PEPSU (Punjab) - 67142,Volvo AC Seater (2+2),16:00:00,06h 09m,22:09:00,692,25,4.2
Patiala to Delhi,https://www.redbus.in/bus-tickets/patiala-to-delhi,PEPSU (Punjab) - 66687,Volvo AC Seater (2+2),18:10:00,06h 09m,00:19:00,692,35,3.8
Patiala to Delhi,https://www.redbus.in/bus-tickets/patiala-to-delhi,PEPSU (Punjab) - 67104,AC Seater Hvac 2+2,22:30:00,05h 01m,03:31:00,440,33,2.9
Delhi to Patiala,https://www.redbus.in/bus-tickets/delhi-to-patiala,PEPSU (Punjab) - 66665,Volvo AC Seater (2+2),14:00:00,05h 00m,19:00:00,692,35,4.1
Delhi to Patiala,https://www.redbus.in/bus-tickets/delhi-to-patiala,PEPSU (Punjab) - 66689,Volvo AC Seater (2+2),15:26:00,04h 59m,20:25:00,692,29,3.8
Delhi to Patiala,https://www.redbus.in/bus-tickets/delhi-to-patiala,PEPSU (Punjab) - 67140,AC Seater Hvac 2+2,16:30:00,05h 30m,22:00:00,440,40,3.6
Delhi to Patiala,https://www.redbus.in/bus-tickets/delhi-to-patiala,PEPSU (Punjab) - 66667,Volvo AC Seater (2+2),17:31:00,04h 59m,22:30:00,692,29,4.2
Delhi to Patiala,https://www.redbus.in/bus-tickets/delhi-to-patiala,PEPSU (Punjab) - 67103,AC Seater Hvac 2+2,22:31:00,05h 29m,04:00:00,440,31,3.4
Ludhiana to Delhi,https://www.redbus.in/bus-tickets/ludhiana-to-delhi,PEPSU (Punjab) - 67162,Volvo AC Seater (2+2),15:00:00,07h 30m,22:30:00,845,38,2
Ludhiana to Delhi,https://www.redbus.in/bus-tickets/ludhiana-to-delhi,PEPSU (Punjab) - 67096,Volvo AC Seater (2+2),16:10:00,07h 00m,23:10:00,845,35,4
Ludhiana to Delhi,https://www.redbus.in/bus-tickets/ludhiana-to-delhi,PEPSU (Punjab) - 67135,Volvo AC Seater (2+2),17:35:00,08h 00m,01:35:00,845,35,4.1
Ludhiana to Delhi,https://www.redbus.in/bus-tickets/ludhiana-to-delhi,PEPSU (Punjab) - 67098,Volvo AC Seater (2+2),19:50:00,07h 35m,03:25:00,845,37,4.5
Ludhiana to Delhi,https://www.redbus.in/bus-tickets/ludhiana-to-delhi,PEPSU (Punjab) - 67128,Volvo AC Seater (2+2),20:50:00,07h 00m,03:50:00,845,37,4.6
Ludhiana to Delhi,https://www.redbus.in/bus-tickets/ludhiana-to-delhi,PEPSU (Punjab) - 67164,Volvo AC Seater (2+2),21:50:00,05h 59m,03:49:00,845,36,4.1
Ludhiana to Delhi,https://www.redbus.in/bus-tickets/ludhiana-to-delhi,Yolo Bus,VE A/C Seater / Sleeper (2+1),22:27:00,06h 33m,05:00:00,570,15,4.5
Ludhiana to Delhi,https://www.redbus.in/bus-tickets/ludhiana-to-delhi,Laxmi holidays,Bharat Benz A/C Sleeper (2+1),23:55:00,06h 50m,06:45:00,570,20,4.5
Ludhiana to Delhi,https://www.redbus.in/bus-tickets/ludhiana-to-delhi,IntrCity SmartBus,AC Sleeper (2+1),22:50:00,06h 55m,05:45:00,544,18,4.4
Ludhiana to Delhi,https://www.redbus.in/bus-tickets/ludhiana-to-delhi,IntrCity SmartBus,A/C Seater / Sleeper (2+1),22:45:00,07h 35m,06:20:00,541,27,4.6
Ludhiana to Delhi,https://www.redbus.in/bus-tickets/ludhiana-to-delhi,IntrCity SmartBus,Bharat Benz A/C Seater /Sleeper (2+1),23:55:00,06h 10m,06:05:00,359,34,4.3
Ludhiana to Delhi,https://www.redbus.in/bus-tickets/ludhiana-to-delhi,Zingbus Plus,Bharat Benz A/C Seater /Sleeper (2+1),23:40:00,06h 20m,06:00:00,404,27,4.8
Ludhiana to Delhi,https://www.redbus.in/bus-tickets/ludhiana-to-delhi,NueGo,Electric A/C Seater (2+2),23:15:00,05h 50m,05:05:00,380,19,3.7
Ludhiana to Delhi,https://www.redbus.in/bus-tickets/ludhiana-to-delhi,NueGo,Electric A/C Seater (2+2),18:00:00,05h 50m,23:50:00,380,30,3.6
Ludhiana to Delhi,https://www.redbus.in/bus-tickets/ludhiana-to-delhi,IntrCity SmartBus,A/C Seater / Sleeper (2+1),23:40:00,06h 20m,06:00:00,394,31,4.4
Ludhiana to Delhi,https://www.redbus.in/bus-tickets/ludhiana-to-delhi,Golden Temple Express Volvo,A/C Seater / Sleeper (2+2),23:25:00,05h 55m,05:20:00,499,23,4.3
Ludhiana to Delhi,https://www.redbus.in/bus-tickets/ludhiana-to-delhi,New Navyug Travels,A/C Sleeper (2+1),23:00:00,06h 30m,05:30:00,675,27,3.8
Ludhiana to Delhi,https://www.redbus.in/bus-tickets/ludhiana-to-delhi,NueGo,Electric A/C Seater (2+2),13:00:00,05h 50m,18:50:00,380,1,2.7
Ludhiana to Delhi,https://www.redbus.in/bus-tickets/ludhiana-to-delhi,Golden Temple Express Volvo,A/C Seater / Sleeper (2+2),23:30:00,05h 50m,05:20:00,449,27,3.9
Ludhiana to Delhi,https://www.redbus.in/bus-tickets/ludhiana-to-delhi,Golden Temple Express Volvo,Volvo Multi-Axle A/C Semi Sleeper (2+2),23:58:00,06h 22m,06:20:00,599,32,3.2
Ludhiana to Delhi,https://www.redbus.in/bus-tickets/ludhiana-to-delhi,Classic Travels,A/C Seater / Sleeper (2+2),23:55:00,07h 00m,06:55:00,389,38,2.6
Ludhiana to Delhi,https://www.redbus.in/bus-tickets/ludhiana-to-delhi,IntrCity SmartBus,A/C Seater / Sleeper (2+1),23:45:00,06h 15m,06:00:00,473,32,3.7
Ludhiana to Delhi,https://www.redbus.in/bus-tickets/ludhiana-to-delhi,Classic Travels,A/C Seater / Sleeper (2+2),23:30:00,07h 00m,06:30:00,389,38,2.4
Ludhiana to Delhi,https://www.redbus.in/bus-tickets/ludhiana-to-delhi,ADTC tour and Travels,Bharat Benz A/C Seater /Sleeper (2+1),23:55:00,05h 20m,05:15:00,399,30,2.7
Ludhiana to Delhi,https://www.redbus.in/bus-tickets/ludhiana-to-delhi,ADTC tour and Travels,Volvo Multi-Axle I-Shift B11R Semi Sleeper (2+2),23:40:00,05h 30m,05:10:00,600,35,2.7
Ludhiana to Delhi,https://www.redbus.in/bus-tickets/ludhiana-to-delhi,IntrCity SmartBus,VE A/C Seater / Sleeper (2+1),23:45:00,06h 10m,05:55:00,426,28,4.4
Ludhiana to Delhi,https://www.redbus.in/bus-tickets/ludhiana-to-delhi,Muskan Tour And Travels private Limited,Volvo Multi-Axle I-Shift B11R Semi Sleeper (2+2),23:59:00,05h 56m,05:55:00,508,42,4.4
Ludhiana to Delhi,https://www.redbus.in/bus-tickets/ludhiana-to-delhi,Golden Temple Express Volvo,A/C Seater / Sleeper (2+2),23:58:00,06h 52m,06:50:00,599,28,3.7
Ludhiana to Delhi,https://www.redbus.in/bus-tickets/ludhiana-to-delhi,Armaan Tour & Travels,A/C Seater / Sleeper (2+1),22:50:00,07h 10m,06:00:00,454,38,3.8
Ludhiana to Delhi,https://www.redbus.in/bus-tickets/ludhiana-to-delhi,Khurana Bus Service,Bharat Benz A/C Seater (2+2),15:25:00,06h 05m,21:30:00,500,25,3.1
Ludhiana to Delhi,https://www.redbus.in/bus-tickets/ludhiana-to-delhi,Golden Temple Express Volvo,A/C Seater / Sleeper (2+2),23:57:00,06h 53m,06:50:00,449,34,3.7
Ludhiana to Delhi,https://www.redbus.in/bus-tickets/ludhiana-to-delhi,MM Travels,A/C Seater / Sleeper (2+2),22:30:00,07h 30m,06:00:00,349,40,1.7
Ludhiana to Delhi,https://www.redbus.in/bus-tickets/ludhiana-to-delhi,Golden Temple Express Volvo,A/C Seater / Sleeper (2+2),23:59:00,06h 31m,06:30:00,399,34,2.4
Ludhiana to Delhi,https://www.redbus.in/bus-tickets/ludhiana-to-delhi,Vijay Tour and Travels,Bharat Benz A/C Seater /Sleeper (2+1),17:50:00,07h 30m,01:20:00,648,33,2.2
Ludhiana to Delhi,https://www.redbus.in/bus-tickets/ludhiana-to-delhi,NAYAR TRAVELS (OPC) PVT LTD,A/C Sleeper (2+1),14:30:00,08h 00m,22:30:00,1599,21,2.2
Ludhiana to Delhi,https://www.redbus.in/bus-tickets/ludhiana-to-delhi,Travel Point,A/C Seater / Sleeper (2+2),23:25:00,05h 55m,05:20:00,949,50,3.5
Ludhiana to Delhi,https://www.redbus.in/bus-tickets/ludhiana-to-delhi,Khurana Bus Service,Volvo A/C (2+2),20:35:00,07h 05m,03:40:00,600,31,3.1
Ludhiana to Delhi,https://www.redbus.in/bus-tickets/ludhiana-to-delhi,Prince Travels,A/C Seater / Sleeper (2+2),00:50:00,05h 10m,06:00:00,449,36,3.1
Delhi to Ludhiana,https://www.redbus.in/bus-tickets/delhi-to-ludhiana,PEPSU (Punjab) - 67123,Volvo AC Seater (2+2),13:45:00,06h 10m,19:55:00,845,38,3.3
Delhi to Ludhiana,https://www.redbus.in/bus-tickets/delhi-to-ludhiana,PEPSU (Punjab) - 67154,Volvo AC Seater (2+2),16:50:00,06h 00m,22:50:00,845,39,3.9
Delhi to Ludhiana,https://www.redbus.in/bus-tickets/delhi-to-ludhiana,PEPSU (Punjab) - 67132,Volvo AC Seater (2+2),17:40:00,06h 00m,23:40:00,845,39,3.7
Delhi to Ludhiana,https://www.redbus.in/bus-tickets/delhi-to-ludhiana,PEPSU (Punjab) - 67121,Volvo AC Seater (2+2),21:50:00,07h 00m,04:50:00,845,35,4
Delhi to Ludhiana,https://www.redbus.in/bus-tickets/delhi-to-ludhiana,RSRTC - 170038,Express Non AC Seater 2+3,16:00:00,07h 00m,23:00:00,395,41,2.2
Delhi to Ludhiana,https://www.redbus.in/bus-tickets/delhi-to-ludhiana,RSRTC - 156675,Express Non AC Seater 2+3,22:30:00,06h 45m,05:15:00,391,42,2.2
Delhi to Ludhiana,https://www.redbus.in/bus-tickets/delhi-to-ludhiana,Yolo Bus,VE A/C Seater / Sleeper (2+1),23:30:00,05h 54m,05:24:00,900,20,4.6
Delhi to Ludhiana,https://www.redbus.in/bus-tickets/delhi-to-ludhiana,Laxmi holidays,Bharat Benz A/C Seater /Sleeper (2+1),22:20:00,06h 40m,05:00:00,732,19,4.6
Delhi to Ludhiana,https://www.redbus.in/bus-tickets/delhi-to-ludhiana,IntrCity SmartBus,Bharat Benz A/C Seater /Sleeper (2+1),21:45:00,07h 30m,05:15:00,599,26,4.6
Delhi to Ludhiana,https://www.redbus.in/bus-tickets/delhi-to-ludhiana,Laxmi holidays,Bharat Benz A/C Sleeper (2+1),23:40:00,07h 00m,06:40:00,950,19,4.3
Delhi to Ludhiana,https://www.redbus.in/bus-tickets/delhi-to-ludhiana,Laxmi holidays,VE A/C Sleeper (2+1),23:00:00,07h 00m,06:00:00,855,22,4.3
Delhi to Ludhiana,https://www.redbus.in/bus-tickets/delhi-to-ludhiana,Zingbus Plus,Bharat Benz A/C Seater /Sleeper (2+1),20:25:00,06h 00m,02:25:00,570,16,4.7
Delhi to Ludhiana,https://www.redbus.in/bus-tickets/delhi-to-ludhiana,IntrCity SmartBus,Bharat Benz A/C Seater /Sleeper (2+1),20:15:00,08h 30m,04:45:00,669,20,4.3
Delhi to Ludhiana,https://www.redbus.in/bus-tickets/delhi-to-ludhiana,IntrCity SmartBus,A/C Seater / Sleeper (2+1),20:45:00,07h 35m,04:20:00,807,24,4.9
Delhi to Ludhiana,https://www.redbus.in/bus-tickets/delhi-to-ludhiana,Laxmi holidays,Bharat Benz A/C Sleeper (2+1),23:30:00,06h 40m,06:10:00,770,32,4.2
Delhi to Ludhiana,https://www.redbus.in/bus-tickets/delhi-to-ludhiana,Yolo Bus,VE A/C Seater / Sleeper (2+1),22:00:00,06h 28m,04:28:00,540,22,4.2
Delhi to Ludhiana,https://www.redbus.in/bus-tickets/delhi-to-ludhiana,IntrCity SmartBus,Bharat Benz A/C Seater /Sleeper (2+1),22:45:00,07h 50m,06:35:00,640,25,4.4
Delhi to Ludhiana,https://www.redbus.in/bus-tickets/delhi-to-ludhiana,Golden Temple Express Volvo,Volvo Multi-Axle A/C Semi Sleeper (2+2),22:50:00,06h 16m,05:06:00,699,24,4.1
Delhi to Ludhiana,https://www.redbus.in/bus-tickets/delhi-to-ludhiana,IntrCity SmartBus,Bharat Benz A/C Seater /Sleeper (2+1),21:30:00,07h 20m,04:50:00,591,22,4.3
Delhi to Ludhiana,https://www.redbus.in/bus-tickets/delhi-to-ludhiana,NueGo,Electric A/C Seater (2+2),13:00:00,06h 25m,19:25:00,380,22,3.6
Delhi to Ludhiana,https://www.redbus.in/bus-tickets/delhi-to-ludhiana,IntrCity SmartBus,AC Sleeper (2+1),22:30:00,07h 40m,06:10:00,729,19,4.2
Delhi to Ludhiana,https://www.redbus.in/bus-tickets/delhi-to-ludhiana,Golden Temple Express Volvo,A/C Seater / Sleeper (2+2),22:58:00,06h 22m,05:20:00,699,28,4.2
Delhi to Ludhiana,https://www.redbus.in/bus-tickets/delhi-to-ludhiana,IntrCity SmartBus,Bharat Benz A/C Seater /Sleeper (2+1),22:15:00,07h 30m,05:45:00,788,18,4.9
Delhi to Ludhiana,https://www.redbus.in/bus-tickets/delhi-to-ludhiana,IntrCity SmartBus,A/C Seater / Sleeper (2+1),21:30:00,08h 20m,05:50:00,707,20,4.3
Delhi to Ludhiana,https://www.redbus.in/bus-tickets/delhi-to-ludhiana,Zingbus Plus,Scania A/C Semi Sleeper (2+2),22:50:00,06h 35m,05:25:00,565,21,4.1
Delhi to Ludhiana,https://www.redbus.in/bus-tickets/delhi-to-ludhiana,New Navyug Travels,A/C Sleeper (2+1),22:45:00,05h 45m,04:30:00,725,22,4.3
Delhi to Ludhiana,https://www.redbus.in/bus-tickets/delhi-to-ludhiana,Golden Temple Express Volvo,A/C Seater / Sleeper (2+2),22:55:00,06h 15m,05:10:00,649,20,4.1
Delhi to Ludhiana,https://www.redbus.in/bus-tickets/delhi-to-ludhiana,NueGo,Electric A/C Seater (2+2),23:00:00,06h 25m,05:25:00,524,18,2.9
Delhi to Ludhiana,https://www.redbus.in/bus-tickets/delhi-to-ludhiana,IntrCity SmartBus,VE A/C Seater / Sleeper (2+1),22:30:00,07h 35m,06:05:00,707,20,4.7
Delhi to Ludhiana,https://www.redbus.in/bus-tickets/delhi-to-ludhiana,Zingbus Plus,Bharat Benz A/C Seater /Sleeper (2+1),21:55:00,07h 35m,05:30:00,628,30,4
Delhi to Ludhiana,https://www.redbus.in/bus-tickets/delhi-to-ludhiana,Golden Temple Volvo Bus Service,A/C Seater / Sleeper (2+2),23:40:00,05h 20m,05:00:00,686,44,2.5
Delhi to Ludhiana,https://www.redbus.in/bus-tickets/delhi-to-ludhiana,ADTC tour and Travels,Volvo Multi-Axle I-Shift B11R Semi Sleeper (2+2),22:25:00,05h 35m,04:00:00,699,31,3.3
Delhi to Ludhiana,https://www.redbus.in/bus-tickets/delhi-to-ludhiana,IntrCity SmartBus,A/C Seater / Sleeper (2+1),22:00:00,07h 50m,05:50:00,606,20,3.3
Delhi to Ludhiana,https://www.redbus.in/bus-tickets/delhi-to-ludhiana,NueGo,Electric A/C Seater/Sleeper (2+1),22:00:00,06h 40m,04:40:00,664,30,2.8
Delhi to Ludhiana,https://www.redbus.in/bus-tickets/delhi-to-ludhiana,Classic Travels,A/C Seater / Sleeper (2+2),21:00:00,07h 00m,04:00:00,619,20,3.1
Delhi to Ludhiana,https://www.redbus.in/bus-tickets/delhi-to-ludhiana,Armaan Tour & Travels,A/C Seater / Sleeper (2+1),14:00:00,08h 05m,22:05:00,679,47,2.2
Delhi to Ludhiana,https://www.redbus.in/bus-tickets/delhi-to-ludhiana,Golden Temple Express Volvo,A/C Seater / Sleeper (2+2),22:50:00,05h 56m,04:46:00,599,22,2.9
Delhi to Ludhiana,https://www.redbus.in/bus-tickets/delhi-to-ludhiana,Muskan Tour And Travels private Limited,Volvo Multi-Axle I-Shift B11R Semi Sleeper (2+2),22:40:00,05h 20m,04:00:00,739,31,2.8
Delhi to Ludhiana,https://www.redbus.in/bus-tickets/delhi-to-ludhiana,MM Travels,A/C Seater / Sleeper (2+2),11:55:00,07h 50m,19:45:00,799,36,2
Delhi to Ludhiana,https://www.redbus.in/bus-tickets/delhi-to-ludhiana,Banjara Satguru Travels,A/C Seater / Sleeper (2+2),22:50:00,06h 00m,04:50:00,539,27,1.6
Delhi to Ludhiana,https://www.redbus.in/bus-tickets/delhi-to-ludhiana,K.S Travels,A/C Semi Sleeper / Sleeper (2+2),23:00:00,06h 45m,05:45:00,800,40,3.4
Delhi to Ludhiana,https://www.redbus.in/bus-tickets/delhi-to-ludhiana,CALL2TRIP,A/C Seater / Sleeper (2+2),22:40:00,06h 00m,04:40:00,719,44,3
Delhi to Ludhiana,https://www.redbus.in/bus-tickets/delhi-to-ludhiana,NEW KING BUS SERVICE,A/C Seater / Sleeper (2+2),22:50:00,05h 45m,04:35:00,499,25,3.3
Delhi to Ludhiana,https://www.redbus.in/bus-tickets/delhi-to-ludhiana,RK Holiday,A/C Seater / Sleeper (2+2),23:10:00,05h 50m,05:00:00,569,40,2.8
Delhi to Ludhiana,https://www.redbus.in/bus-tickets/delhi-to-ludhiana,New National Travels,A/C Seater / Sleeper (2+2),23:00:00,06h 00m,05:00:00,599,34,2.9
Delhi to Ludhiana,https://www.redbus.in/bus-tickets/delhi-to-ludhiana,India Tours & Travels (GetBookCab),A/C Seater / Sleeper (2+2),21:30:00,07h 00m,04:30:00,1923,39,3.2
Delhi to Ludhiana,https://www.redbus.in/bus-tickets/delhi-to-ludhiana,FlixBus,A/C Sleeper (2+1),18:30:00,07h 15m,01:45:00,442,12,4.8
Delhi to Ludhiana,https://www.redbus.in/bus-tickets/delhi-to-ludhiana,Banjara Satguru Travels,A/C Seater / Sleeper (2+2),23:35:00,05h 30m,05:05:00,496,30,1.4
Delhi to Ludhiana,https://www.redbus.in/bus-tickets/delhi-to-ludhiana,FlixBus,A/C Sleeper (2+1),21:00:00,07h 15m,04:15:00,720,8,4.8
Delhi to Ludhiana,https://www.redbus.in/bus-tickets/delhi-to-ludhiana,FlixBus,A/C Sleeper (2+1),22:30:00,06h 55m,05:25:00,1173,4,4.8
Delhi to Ludhiana,https://www.redbus.in/bus-tickets/delhi-to-ludhiana,Kedara Bus,A/C Sleeper (2+1),22:15:00,06h 00m,04:15:00,903,45,4.5
Delhi to Ludhiana,https://www.redbus.in/bus-tickets/delhi-to-ludhiana,Ram Dalal Holidays,Bharat Benz A/C Sleeper (2+1),23:00:00,07h 00m,06:00:00,574,9,4.5
Delhi to Ludhiana,https://www.redbus.in/bus-tickets/delhi-to-ludhiana,IntrCity SmartBus,A/C Seater / Sleeper (2+1),21:00:00,07h 50m,04:50:00,730,12,4.4
Delhi to Ludhiana,https://www.redbus.in/bus-tickets/delhi-to-ludhiana,Armaan Tour & Travels,A/C Seater / Sleeper (2+1),13:00:00,06h 15m,19:15:00,1574,3,1.8
Delhi to Ludhiana,https://www.redbus.in/bus-tickets/delhi-to-ludhiana,Banjara Satguru Travels,A/C Seater / Sleeper (2+2),22:40:00,06h 06m,04:46:00,629,27,1.5
Delhi to Ludhiana,https://www.redbus.in/bus-tickets/delhi-to-ludhiana,City Land Travels,A/C Seater/Sleeper (2+1),23:15:00,06h 35m,05:50:00,853,23,3.6
Delhi to Ludhiana,https://www.redbus.in/bus-tickets/delhi-to-ludhiana,Travel Point,A/C Seater / Sleeper (2+2),21:00:00,05h 21m,02:21:00,759,50,3.5
Delhi to Ludhiana,https://www.redbus.in/bus-tickets/delhi-to-ludhiana,Khurana Bus Service,Bharat Benz A/C Seater (2+2),23:25:00,06h 35m,06:00:00,599,28,3.3
Delhi to Ludhiana,https://www.redbus.in/bus-tickets/delhi-to-ludhiana,ADTC tour and Travels,Bharat Benz A/C Seater /Sleeper (2+1),22:40:00,05h 20m,04:00:00,599,20,3.3
Delhi to Ludhiana,https://www.redbus.in/bus-tickets/delhi-to-ludhiana,India Tours & Travels (GetBookCab),A/C Semi Sleeper / Sleeper (2+2),21:45:00,06h 55m,04:40:00,650,28,3.2
Delhi to Ludhiana,https://www.redbus.in/bus-tickets/delhi-to-ludhiana,Golden Temple Volvo Bus Service,A/C Seater / Sleeper (2+1),23:20:00,06h 25m,05:45:00,686,35,2.5
Delhi to Ludhiana,https://www.redbus.in/bus-tickets/delhi-to-ludhiana,MM Travels,AC Seater (2+2),13:30:00,07h 00m,20:30:00,1599,35,1.6
Delhi to Ludhiana,https://www.redbus.in/bus-tickets/delhi-to-ludhiana,Banjara Satguru Travels,A/C Seater / Sleeper (2+1),22:40:00,06h 06m,04:46:00,640,38,1.5
Delhi to Ludhiana,https://www.redbus.in/bus-tickets/delhi-to-ludhiana,Red Apple Bus Service,A/C Seater / Sleeper (2+2),12:00:00,07h 00m,19:00:00,400,34,0
Phagwara to Delhi,https://www.redbus.in/bus-tickets/phagwara-to-delhi,PEPSU (Punjab) - 67096,Volvo AC Seater (2+2),15:20:00,07h 50m,23:10:00,954,35,4.5
Phagwara to Delhi,https://www.redbus.in/bus-tickets/phagwara-to-delhi,PEPSU (Punjab) - 67135,Volvo AC Seater (2+2),15:53:00,09h 42m,01:35:00,954,35,2.6
Phagwara to Delhi,https://www.redbus.in/bus-tickets/phagwara-to-delhi,PEPSU (Punjab) - 67098,Volvo AC Seater (2+2),18:35:00,08h 50m,03:25:00,954,37,4.3
Phagwara to Delhi,https://www.redbus.in/bus-tickets/phagwara-to-delhi,PEPSU (Punjab) - 67128,Volvo AC Seater (2+2),19:30:00,07h 19m,02:49:00,954,37,4.3
Phagwara to Delhi,https://www.redbus.in/bus-tickets/phagwara-to-delhi,PEPSU (Punjab) - 67164,Volvo AC Seater (2+2),20:20:00,08h 30m,04:50:00,954,36,4
Phagwara to Delhi,https://www.redbus.in/bus-tickets/phagwara-to-delhi,IntrCity SmartBus,Bharat Benz A/C Seater /Sleeper (2+1),23:20:00,07h 10m,06:30:00,413,26,4.6
Phagwara to Delhi,https://www.redbus.in/bus-tickets/phagwara-to-delhi,Laxmi holidays,Bharat Benz A/C Seater /Sleeper (2+1),21:20:00,07h 25m,04:45:00,399,29,4.4
Phagwara to Delhi,https://www.redbus.in/bus-tickets/phagwara-to-delhi,Laxmi holidays,Bharat Benz A/C Sleeper (2+1),23:10:00,07h 35m,06:45:00,570,20,4.6
Phagwara to Delhi,https://www.redbus.in/bus-tickets/phagwara-to-delhi,Yolo Bus,VE A/C Seater / Sleeper (2+1),21:37:00,07h 23m,05:00:00,570,16,4.8
Phagwara to Delhi,https://www.redbus.in/bus-tickets/phagwara-to-delhi,Laxmi holidays,Bharat Benz A/C Seater /Sleeper (2+1),22:40:00,07h 40m,06:20:00,399,38,4.2
Phagwara to Delhi,https://www.redbus.in/bus-tickets/phagwara-to-delhi,Golden Temple Express Volvo,Volvo Multi-Axle A/C Semi Sleeper (2+2),23:40:00,06h 40m,06:20:00,599,37,4.3
Phagwara to Delhi,https://www.redbus.in/bus-tickets/phagwara-to-delhi,IntrCity SmartBus,AC Sleeper (2+1),21:55:00,07h 50m,05:45:00,544,18,4.7
Phagwara to Delhi,https://www.redbus.in/bus-tickets/phagwara-to-delhi,Laxmi holidays,Bharat Benz A/C Sleeper (2+1),23:35:00,07h 25m,07:00:00,570,29,4.6
Phagwara to Delhi,https://www.redbus.in/bus-tickets/phagwara-to-delhi,New Navyug Travels,A/C Sleeper (2+1),22:00:00,07h 30m,05:30:00,675,36,4.5
Phagwara to Delhi,https://www.redbus.in/bus-tickets/phagwara-to-delhi,IntrCity SmartBus,Bharat Benz A/C Seater /Sleeper (2+1),22:55:00,07h 10m,06:05:00,341,34,4.3
Phagwara to Delhi,https://www.redbus.in/bus-tickets/phagwara-to-delhi,IntrCity SmartBus,A/C Seater / Sleeper (2+1),21:55:00,08h 25m,06:20:00,541,27,4.3
Phagwara to Delhi,https://www.redbus.in/bus-tickets/phagwara-to-delhi,Golden Temple Express Volvo,A/C Seater / Sleeper (2+2),22:40:00,06h 40m,05:20:00,449,27,4.1
Phagwara to Delhi,https://www.redbus.in/bus-tickets/phagwara-to-delhi,IntrCity SmartBus,A/C Seater / Sleeper (2+1),22:35:00,07h 25m,06:00:00,473,32,4.6
Phagwara to Delhi,https://www.redbus.in/bus-tickets/phagwara-to-delhi,Muskan Tour And Travels private Limited,Volvo Multi-Axle I-Shift B11R Semi Sleeper (2+2),23:55:00,06h 00m,05:55:00,508,42,3.8
Phagwara to Delhi,https://www.redbus.in/bus-tickets/phagwara-to-delhi,IntrCity SmartBus,Bharat Benz A/C Seater /Sleeper (2+1),23:45:00,07h 00m,06:45:00,483,23,4
Phagwara to Delhi,https://www.redbus.in/bus-tickets/phagwara-to-delhi,IntrCity SmartBus,A/C Seater / Sleeper (2+1),22:45:00,07h 15m,06:00:00,394,31,4.2
Phagwara to Delhi,https://www.redbus.in/bus-tickets/phagwara-to-delhi,Golden Temple Express Volvo,A/C Seater / Sleeper (2+2),22:45:00,06h 35m,05:20:00,499,35,2.9
Phagwara to Delhi,https://www.redbus.in/bus-tickets/phagwara-to-delhi,ADTC tour and Travels,Volvo Multi-Axle I-Shift B11R Semi Sleeper (2+2),22:55:00,06h 15m,05:10:00,600,41,3.3
Phagwara to Delhi,https://www.redbus.in/bus-tickets/phagwara-to-delhi,Zingbus Plus,Scania A/C Semi Sleeper (2+2),23:10:00,07h 45m,06:55:00,371,30,5
Phagwara to Delhi,https://www.redbus.in/bus-tickets/phagwara-to-delhi,Zingbus Plus,Bharat Benz A/C Seater /Sleeper (2+1),22:35:00,07h 25m,06:00:00,514,26,4.4
Phagwara to Delhi,https://www.redbus.in/bus-tickets/phagwara-to-delhi,IntrCity SmartBus,VE A/C Seater / Sleeper (2+1),22:55:00,07h 00m,05:55:00,426,28,4.4
Phagwara to Delhi,https://www.redbus.in/bus-tickets/phagwara-to-delhi,Golden Temple Express Volvo,A/C Seater / Sleeper (2+2),23:55:00,06h 55m,06:50:00,599,34,3.7
Phagwara to Delhi,https://www.redbus.in/bus-tickets/phagwara-to-delhi,NueGo,Electric A/C Seater/Sleeper (2+1),23:25:00,08h 00m,07:25:00,664,38,3.6
Phagwara to Delhi,https://www.redbus.in/bus-tickets/phagwara-to-delhi,ADTC tour and Travels,Bharat Benz A/C Seater /Sleeper (2+1),23:35:00,05h 40m,05:15:00,399,26,3.3
Phagwara to Delhi,https://www.redbus.in/bus-tickets/phagwara-to-delhi,Vijay Tour and Travels,Bharat Benz A/C Seater /Sleeper (2+1),17:00:00,08h 40m,01:40:00,740,40,2.9
Phagwara to Delhi,https://www.redbus.in/bus-tickets/phagwara-to-delhi,Vijay Tour and Travels,A/C Seater / Sleeper (2+1),16:40:00,08h 40m,01:20:00,833,38,2.9
Phagwara to Delhi,https://www.redbus.in/bus-tickets/phagwara-to-delhi,Khurana Bus Service,Volvo A/C (2+2),18:55:00,07h 45m,02:40:00,699,30,3.2
Phagwara to Delhi,https://www.redbus.in/bus-tickets/phagwara-to-delhi,Golden Temple Express Volvo,A/C Seater / Sleeper (2+2),23:55:00,06h 55m,06:50:00,449,34,2
Phagwara to Delhi,https://www.redbus.in/bus-tickets/phagwara-to-delhi,Golden Temple Express Volvo,A/C Seater / Sleeper (2+2),23:57:00,06h 33m,06:30:00,399,34,2.3
Phagwara to Delhi,https://www.redbus.in/bus-tickets/phagwara-to-delhi,SPEED BUS,Volvo A/C Semi Sleeper (2+2),15:30:00,06h 40m,22:10:00,1199,39,2
Phagwara to Delhi,https://www.redbus.in/bus-tickets/phagwara-to-delhi,Ram Dalal Holidays,Bharat Benz A/C Sleeper (2+1),23:45:00,05h 15m,05:00:00,509,40,4.7
Phagwara to Delhi,https://www.redbus.in/bus-tickets/phagwara-to-delhi,SPEED BUS,Volvo A/C Semi Sleeper (2+2),14:10:00,20h 15m,10:25:00,999,41,3.6
Phagwara to Delhi,https://www.redbus.in/bus-tickets/phagwara-to-delhi,Khurana Bus Service,Volvo A/C (2+2),19:55:00,07h 45m,03:40:00,700,37,3.2
Phagwara to Delhi,https://www.redbus.in/bus-tickets/phagwara-to-delhi,Khurana Bus Service,Bharat Benz A/C Seater (2+2),14:50:00,06h 40m,21:30:00,500,15,3.2
Phagwara to Delhi,https://www.redbus.in/bus-tickets/phagwara-to-delhi,Prince Travels,A/C Seater / Sleeper (2+2),23:55:00,06h 05m,06:00:00,449,36,3.1
Phagwara to Delhi,https://www.redbus.in/bus-tickets/phagwara-to-delhi,SHREE SATGURU TRAVELS,A/C Seater / Sleeper (2+2),23:58:00,06h 02m,06:00:00,499,38,2.7
Phagwara to Delhi,https://www.redbus.in/bus-tickets/phagwara-to-delhi,Armaan Tour & Travels,A/C Seater / Sleeper (2+1),21:20:00,08h 40m,06:00:00,624,35,2.4
Jalandhar to Delhi,https://www.redbus.in/bus-tickets/jalandhar-to-delhi,PEPSU (Punjab) - 67096,Volvo AC Seater (2+2),15:00:00,08h 10m,23:10:00,1007,35,3.3
Jalandhar to Delhi,https://www.redbus.in/bus-tickets/jalandhar-to-delhi,PEPSU (Punjab) - 67135,Volvo AC Seater (2+2),15:33:00,10h 02m,01:35:00,1007,35,3.2
Jalandhar to Delhi,https://www.redbus.in/bus-tickets/jalandhar-to-delhi,PEPSU (Punjab) - 67098,Volvo AC Seater (2+2),18:10:00,09h 15m,03:25:00,1007,37,4.1
Jalandhar to Delhi,https://www.redbus.in/bus-tickets/jalandhar-to-delhi,PEPSU (Punjab) - 67128,Volvo AC Seater (2+2),19:10:00,08h 40m,03:50:00,1007,37,4.1
Jalandhar to Delhi,https://www.redbus.in/bus-tickets/jalandhar-to-delhi,IntrCity SmartBus,Bharat Benz A/C Seater /Sleeper (2+1),23:10:00,07h 20m,06:30:00,413,26,4.7
Jalandhar to Delhi,https://www.redbus.in/bus-tickets/jalandhar-to-delhi,Yolo Bus,VE A/C Seater / Sleeper (2+1),23:26:00,07h 02m,06:28:00,400,27,4.5
Jalandhar to Delhi,https://www.redbus.in/bus-tickets/jalandhar-to-delhi,Zingbus Plus,Scania A/C Semi Sleeper (2+2),22:50:00,08h 05m,06:55:00,375,28,4.8
Jalandhar to Delhi,https://www.redbus.in/bus-tickets/jalandhar-to-delhi,AdNew Navyug Travels,A/C Sleeper (2+1),21:50:00,07h 40m,05:30:00,675,25,4.1
Jalandhar to Delhi,https://www.redbus.in/bus-tickets/jalandhar-to-delhi,Laxmi holidays,Bharat Benz A/C Sleeper (2+1),23:05:00,07h 40m,06:45:00,570,20,4.4
Jalandhar to Delhi,https://www.redbus.in/bus-tickets/jalandhar-to-delhi,Laxmi holidays,Bharat Benz A/C Seater /Sleeper (2+1),21:05:00,07h 40m,04:45:00,442,24,4.3
Jalandhar to Delhi,https://www.redbus.in/bus-tickets/jalandhar-to-delhi,Yolo Bus,VE A/C Seater / Sleeper (2+1),21:11:00,07h 49m,05:00:00,550,15,4.3
Jalandhar to Delhi,https://www.redbus.in/bus-tickets/jalandhar-to-delhi,AdIntrCity SmartBus,AC Sleeper (2+1),21:30:00,08h 15m,05:45:00,544,18,4.4
Jalandhar to Delhi,https://www.redbus.in/bus-tickets/jalandhar-to-delhi,IntrCity SmartBus,A/C Seater / Sleeper (2+1),22:30:00,07h 30m,06:00:00,394,31,4.4
Jalandhar to Delhi,https://www.redbus.in/bus-tickets/jalandhar-to-delhi,Laxmi holidays,Bharat Benz A/C Sleeper (2+1),23:25:00,07h 35m,07:00:00,570,29,4.3
Jalandhar to Delhi,https://www.redbus.in/bus-tickets/jalandhar-to-delhi,Laxmi holidays,Bharat Benz A/C Sleeper (2+1),23:55:00,07h 35m,07:30:00,570,26,4.4
Jalandhar to Delhi,https://www.redbus.in/bus-tickets/jalandhar-to-delhi,Golden Temple Express Volvo,Volvo Multi-Axle A/C Semi Sleeper (2+2),23:30:00,06h 50m,06:20:00,599,32,4.3
Jalandhar to Delhi,https://www.redbus.in/bus-tickets/jalandhar-to-delhi,Laxmi holidays,Bharat Benz A/C Seater /Sleeper (2+1),22:35:00,07h 45m,06:20:00,399,38,4.1
Jalandhar to Delhi,https://www.redbus.in/bus-tickets/jalandhar-to-delhi,IntrCity SmartBus,Bharat Benz A/C Seater /Sleeper (2+1),22:45:00,07h 20m,06:05:00,359,33,4.1
Jalandhar to Delhi,https://www.redbus.in/bus-tickets/jalandhar-to-delhi,IntrCity SmartBus,Bharat Benz A/C Seater /Sleeper (2+1),23:55:00,07h 20m,07:15:00,359,37,4
Jalandhar to Delhi,https://www.redbus.in/bus-tickets/jalandhar-to-delhi,R S YADAV SMART BUS PRIVATE LIMITED,Volvo Multi Axle B11R AC Seater\Sleeper (2+1),22:55:00,06h 40m,05:35:00,449,15,4.3
Jalandhar to Delhi,https://www.redbus.in/bus-tickets/jalandhar-to-delhi,IntrCity SmartBus,A/C Seater / Sleeper (2+1),21:20:00,09h 00m,06:20:00,541,27,4.2
Jalandhar to Delhi,https://www.redbus.in/bus-tickets/jalandhar-to-delhi,Golden Temple Express Volvo,A/C Seater / Sleeper (2+2),22:30:00,06h 50m,05:20:00,499,25,3.9
Jalandhar to Delhi,https://www.redbus.in/bus-tickets/jalandhar-to-delhi,Golden Temple Express Volvo,A/C Seater / Sleeper (2+2),22:30:00,06h 50m,05:20:00,449,27,4
Jalandhar to Delhi,https://www.redbus.in/bus-tickets/jalandhar-to-delhi,IntrCity SmartBus,Bharat Benz A/C Seater /Sleeper (2+1),23:35:00,07h 10m,06:45:00,399,23,3.8
Jalandhar to Delhi,https://www.redbus.in/bus-tickets/jalandhar-to-delhi,Zingbus Plus,Bharat Benz A/C Seater /Sleeper (2+1),22:25:00,07h 35m,06:00:00,404,31,4.4
Jalandhar to Delhi,https://www.redbus.in/bus-tickets/jalandhar-to-delhi,IntrCity SmartBus,A/C Seater / Sleeper (2+1),22:15:00,07h 45m,06:00:00,473,32,4.4
Jalandhar to Delhi,https://www.redbus.in/bus-tickets/jalandhar-to-delhi,Muskan Tour And Travels private Limited,Volvo Multi-Axle I-Shift B11R Semi Sleeper (2+2),23:35:00,06h 20m,05:55:00,508,39,4.5
Jalandhar to Delhi,https://www.redbus.in/bus-tickets/jalandhar-to-delhi,ADTC tour and Travels,Volvo Multi-Axle I-Shift B11R Semi Sleeper (2+2),22:40:00,06h 30m,05:10:00,600,35,3.6
Jalandhar to Delhi,https://www.redbus.in/bus-tickets/jalandhar-to-delhi,ADTC tour and Travels,Bharat Benz A/C Seater /Sleeper (2+1),23:10:00,06h 05m,05:15:00,399,30,2.5
Jalandhar to Delhi,https://www.redbus.in/bus-tickets/jalandhar-to-delhi,Lavish Travels,A/C Seater / Sleeper (2+2),23:40:00,05h 50m,05:30:00,611,28,2.7
Jalandhar to Delhi,https://www.redbus.in/bus-tickets/jalandhar-to-delhi,IntrCity SmartBus,VE A/C Seater / Sleeper (2+1),22:40:00,07h 15m,05:55:00,426,28,4.3
Jalandhar to Delhi,https://www.redbus.in/bus-tickets/jalandhar-to-delhi,Golden Temple Express Volvo,A/C Seater / Sleeper (2+2),23:50:00,07h 00m,06:50:00,599,27,4
Jalandhar to Delhi,https://www.redbus.in/bus-tickets/jalandhar-to-delhi,Golden Temple Express Volvo,A/C Seater / Sleeper (2+2),23:54:00,06h 36m,06:30:00,399,34,3.3
Jalandhar to Delhi,https://www.redbus.in/bus-tickets/jalandhar-to-delhi,Khurana Bus Service,Volvo A/C (2+2),18:35:00,08h 05m,02:40:00,699,30,2.6
Jalandhar to Delhi,https://www.redbus.in/bus-tickets/jalandhar-to-delhi,Travel Point,A/C Seater / Sleeper (2+2),22:25:00,06h 55m,05:20:00,949,50,2.7
Jalandhar to Delhi,https://www.redbus.in/bus-tickets/jalandhar-to-delhi,Armaan Tour & Travels,A/C Seater / Sleeper (2+1),21:00:00,09h 00m,06:00:00,624,35,2.6
Jalandhar to Delhi,https://www.redbus.in/bus-tickets/jalandhar-to-delhi,Golden Temple Express Volvo,A/C Seater / Sleeper (2+2),23:50:00,07h 00m,06:50:00,449,34,1.8
Jalandhar to Delhi,https://www.redbus.in/bus-tickets/jalandhar-to-delhi,FlixBus,A/C Sleeper (2+1),23:30:00,07h 05m,06:35:00,699,7,2.8
Jalandhar to Delhi,https://www.redbus.in/bus-tickets/jalandhar-to-delhi,Ram Dalal Holidays,Bharat Benz A/C Sleeper (2+1),23:25:00,05h 35m,05:00:00,509,40,4.9
Jalandhar to Delhi,https://www.redbus.in/bus-tickets/jalandhar-to-delhi,Khurana Bus Service,Bharat Benz A/C Seater (2+2),14:25:00,07h 05m,21:30:00,500,25,2
Jalandhar to Delhi,https://www.redbus.in/bus-tickets/jalandhar-to-delhi,SHREE SATGURU TRAVELS,A/C Seater / Sleeper (2+2),23:50:00,06h 10m,06:00:00,499,38,1.3
Jalandhar to Delhi,https://www.redbus.in/bus-tickets/jalandhar-to-delhi,K.S Travels,A/C Semi Sleeper / Sleeper (2+2),23:30:00,06h 00m,05:30:00,500,52,2.4
Jalandhar to Delhi,https://www.redbus.in/bus-tickets/jalandhar-to-delhi,Vijay Tour and Travels,Bharat Benz A/C Seater /Sleeper (2+1),16:20:00,09h 00m,01:20:00,833,32,2.3
Jalandhar to Delhi,https://www.redbus.in/bus-tickets/jalandhar-to-delhi,Prince Travels,A/C Seater / Sleeper (2+2),23:45:00,06h 15m,06:00:00,449,36,3.1
Jalandhar to Delhi,https://www.redbus.in/bus-tickets/jalandhar-to-delhi,Big Bus,A/C Seater / Sleeper (2+2),23:00:00,06h 30m,05:30:00,795,28,2.6
Jalandhar to Delhi,https://www.redbus.in/bus-tickets/jalandhar-to-delhi,Khurana Bus Service,Volvo A/C (2+2),19:35:00,08h 05m,03:40:00,700,37,2.5
Jalandhar to Delhi,https://www.redbus.in/bus-tickets/jalandhar-to-delhi,Ashok Travels,A/C Seater / Sleeper (2+2),23:00:00,07h 00m,06:00:00,959,52,2.5
Delhi to Jalandhar,https://www.redbus.in/bus-tickets/delhi-to-jalandhar,PEPSU (Punjab) - 67132,Volvo AC Seater (2+2),17:40:00,07h 10m,00:50:00,1007,39,3.9
Delhi to Jalandhar,https://www.redbus.in/bus-tickets/delhi-to-jalandhar,PEPSU (Punjab) - 67121,Volvo AC Seater (2+2),21:50:00,08h 30m,06:20:00,1007,35,3.7
Delhi to Jalandhar,https://www.redbus.in/bus-tickets/delhi-to-jalandhar,Laxmi holidays,Bharat Benz A/C Seater /Sleeper (2+1),22:20:00,07h 20m,05:40:00,732,19,4.6
Delhi to Jalandhar,https://www.redbus.in/bus-tickets/delhi-to-jalandhar,Yolo Bus,VE A/C Seater / Sleeper (2+1),23:30:00,06h 59m,06:29:00,900,20,4.6
Delhi to Jalandhar,https://www.redbus.in/bus-tickets/delhi-to-jalandhar,IntrCity SmartBus,Bharat Benz A/C Seater /Sleeper (2+1),21:45:00,08h 45m,06:30:00,599,26,4.6
Delhi to Jalandhar,https://www.redbus.in/bus-tickets/delhi-to-jalandhar,AdIntrCity SmartBus,AC Sleeper (2+1),22:30:00,08h 40m,07:10:00,729,19,4.3
Delhi to Jalandhar,https://www.redbus.in/bus-tickets/delhi-to-jalandhar,IntrCity SmartBus,Bharat Benz A/C Seater /Sleeper (2+1),22:45:00,08h 55m,07:40:00,640,25,4.6
Delhi to Jalandhar,https://www.redbus.in/bus-tickets/delhi-to-jalandhar,Laxmi holidays,Bharat Benz A/C Seater /Sleeper (2+1),22:00:00,08h 00m,06:00:00,732,20,4.5
Delhi to Jalandhar,https://www.redbus.in/bus-tickets/delhi-to-jalandhar,Yolo Bus,VE A/C Seater / Sleeper (2+1),22:00:00,07h 42m,05:42:00,540,22,4.4
Delhi to Jalandhar,https://www.redbus.in/bus-tickets/delhi-to-jalandhar,AdNew Navyug Travels,A/C Sleeper (2+1),22:45:00,07h 25m,06:10:00,725,19,4.1
Delhi to Jalandhar,https://www.redbus.in/bus-tickets/delhi-to-jalandhar,IntrCity SmartBus,Bharat Benz A/C Seater /Sleeper (2+1),21:30:00,08h 25m,05:55:00,591,22,4.5
Delhi to Jalandhar,https://www.redbus.in/bus-tickets/delhi-to-jalandhar,Laxmi holidays,Bharat Benz A/C Sleeper (2+1),23:40:00,07h 50m,07:30:00,950,19,4.4
Delhi to Jalandhar,https://www.redbus.in/bus-tickets/delhi-to-jalandhar,IntrCity SmartBus,Bharat Benz A/C Seater /Sleeper (2+1),20:15:00,09h 40m,05:55:00,669,20,4.3
Delhi to Jalandhar,https://www.redbus.in/bus-tickets/delhi-to-jalandhar,Laxmi holidays,Bharat Benz A/C Sleeper (2+1),23:30:00,07h 40m,07:10:00,808,32,4.2
Delhi to Jalandhar,https://www.redbus.in/bus-tickets/delhi-to-jalandhar,Zingbus Plus,Bharat Benz A/C Seater /Sleeper (2+1),20:25:00,07h 10m,03:35:00,570,15,4.3
Delhi to Jalandhar,https://www.redbus.in/bus-tickets/delhi-to-jalandhar,Laxmi holidays,VE A/C Sleeper (2+1),23:00:00,08h 10m,07:10:00,855,22,4.1
Delhi to Jalandhar,https://www.redbus.in/bus-tickets/delhi-to-jalandhar,Golden Temple Express Volvo,Volvo Multi-Axle A/C Semi Sleeper (2+2),22:50:00,07h 27m,06:17:00,699,24,4.1
Delhi to Jalandhar,https://www.redbus.in/bus-tickets/delhi-to-jalandhar,Zingbus Plus,Scania A/C Semi Sleeper (2+2),22:50:00,07h 30m,06:20:00,580,23,4.4
Delhi to Jalandhar,https://www.redbus.in/bus-tickets/delhi-to-jalandhar,IntrCity SmartBus,A/C Seater / Sleeper (2+1),20:45:00,08h 45m,05:30:00,807,24,4.1
Delhi to Jalandhar,https://www.redbus.in/bus-tickets/delhi-to-jalandhar,Golden Temple Express Volvo,A/C Seater / Sleeper (2+2),22:58:00,06h 57m,05:55:00,699,28,4
Delhi to Jalandhar,https://www.redbus.in/bus-tickets/delhi-to-jalandhar,R S YADAV SMART BUS PRIVATE LIMITED,Volvo Multi Axle B11R AC Seater\Sleeper (2+1),22:30:00,07h 21m,05:51:00,799,11,4.5
Delhi to Jalandhar,https://www.redbus.in/bus-tickets/delhi-to-jalandhar,CAPITAL HOLIDAYS,A/C Seater / Sleeper (2+2),22:30:00,07h 30m,06:00:00,539,37,0
Delhi to Jalandhar,https://www.redbus.in/bus-tickets/delhi-to-jalandhar,CAPITAL HOLIDAYS,A/C Seater / Sleeper (2+2),20:30:00,07h 30m,04:00:00,539,34,0
Delhi to Jalandhar,https://www.redbus.in/bus-tickets/delhi-to-jalandhar,CAPITAL HOLIDAYS,A/C Seater / Sleeper (2+2),17:00:00,07h 30m,00:30:00,539,38,0
Delhi to Jalandhar,https://www.redbus.in/bus-tickets/delhi-to-jalandhar,IntrCity SmartBus,Bharat Benz A/C Seater /Sleeper (2+1),22:15:00,08h 55m,07:10:00,788,18,4.3
Delhi to Jalandhar,https://www.redbus.in/bus-tickets/delhi-to-jalandhar,IntrCity SmartBus,A/C Seater / Sleeper (2+1),22:00:00,08h 55m,06:55:00,606,20,4.6
Delhi to Jalandhar,https://www.redbus.in/bus-tickets/delhi-to-jalandhar,ADTC tour and Travels,Volvo Multi-Axle I-Shift B11R Semi Sleeper (2+2),22:25:00,06h 35m,05:00:00,699,31,4.1
Delhi to Jalandhar,https://www.redbus.in/bus-tickets/delhi-to-jalandhar,IntrCity SmartBus,A/C Seater / Sleeper (2+1),21:30:00,09h 35m,07:05:00,707,20,4.2
Delhi to Jalandhar,https://www.redbus.in/bus-tickets/delhi-to-jalandhar,Ram Dalal Holidays,A/C Seater/Sleeper (2+1),18:30:00,07h 30m,02:00:00,585,20,4.8
Delhi to Jalandhar,https://www.redbus.in/bus-tickets/delhi-to-jalandhar,Muskan Tour And Travels private Limited,Volvo Multi-Axle I-Shift B11R Semi Sleeper (2+2),22:40:00,06h 30m,05:10:00,739,31,4.2
Delhi to Jalandhar,https://www.redbus.in/bus-tickets/delhi-to-jalandhar,IntrCity SmartBus,VE A/C Seater / Sleeper (2+1),22:30:00,08h 50m,07:20:00,707,20,4.8
Delhi to Jalandhar,https://www.redbus.in/bus-tickets/delhi-to-jalandhar,Golden Temple Express Volvo,A/C Seater / Sleeper (2+2),22:55:00,07h 20m,06:15:00,649,30,3.1
Delhi to Jalandhar,https://www.redbus.in/bus-tickets/delhi-to-jalandhar,Zingbus Plus,Bharat Benz A/C Seater /Sleeper (2+1),21:55:00,08h 35m,06:30:00,628,30,4.4
Delhi to Jalandhar,https://www.redbus.in/bus-tickets/delhi-to-jalandhar,NueGo,Electric A/C Seater/Sleeper (2+1),22:00:00,08h 25m,06:25:00,664,30,3.1
Delhi to Jalandhar,https://www.redbus.in/bus-tickets/delhi-to-jalandhar,Yolo Bus,A/C Seater/Sleeper (2+1),19:15:00,07h 55m,03:10:00,499,20,3.8
Delhi to Jalandhar,https://www.redbus.in/bus-tickets/delhi-to-jalandhar,Golden Temple Volvo Bus Service,A/C Seater / Sleeper (2+2),23:40:00,07h 35m,07:15:00,686,44,2.1
Delhi to Jalandhar,https://www.redbus.in/bus-tickets/delhi-to-jalandhar,Banjara Satguru Travels,A/C Seater / Sleeper (2+2),22:50:00,07h 00m,05:50:00,539,27,2.2
Delhi to Jalandhar,https://www.redbus.in/bus-tickets/delhi-to-jalandhar,Armaan Tour & Travels,A/C Seater / Sleeper (2+1),14:00:00,09h 05m,23:05:00,679,45,2
Delhi to Jalandhar,https://www.redbus.in/bus-tickets/delhi-to-jalandhar,MM Travels,A/C Seater / Sleeper (2+2),12:05:00,08h 00m,20:05:00,799,36,1
Delhi to Jalandhar,https://www.redbus.in/bus-tickets/delhi-to-jalandhar,Golden Temple Express Volvo,A/C Seater / Sleeper (2+2),22:50:00,07h 07m,05:57:00,599,22,2.3
Delhi to Jalandhar,https://www.redbus.in/bus-tickets/delhi-to-jalandhar,Classic Travels,A/C Seater / Sleeper (2+2),21:00:00,08h 15m,05:15:00,619,20,2.2
Delhi to Jalandhar,https://www.redbus.in/bus-tickets/delhi-to-jalandhar,R S YADAV SMART BUS PRIVATE LIMITED,VE A/C Seater / Sleeper (2+1),18:30:00,07h 50m,02:20:00,599,38,4.3
Delhi to Jalandhar,https://www.redbus.in/bus-tickets/delhi-to-jalandhar,Shiv Mohan Travels,AC Sleeper (2+1),19:15:00,08h 55m,04:10:00,808,15,4.3
Delhi to Jalandhar,https://www.redbus.in/bus-tickets/delhi-to-jalandhar,K.S Travels,A/C Semi Sleeper / Sleeper (2+2),23:00:00,07h 15m,06:15:00,800,40,3.8
Delhi to Jalandhar,https://www.redbus.in/bus-tickets/delhi-to-jalandhar,Laxmi holidays,Volvo 9600 Multi-Axle A/C Sleeper (2+1),18:30:00,07h 30m,02:00:00,1045,17,4
Delhi to Jalandhar,https://www.redbus.in/bus-tickets/delhi-to-jalandhar,Ashok Bus Service,VE A/C Seater / Sleeper (2+1),19:00:00,08h 30m,03:30:00,489,34,3.6
Delhi to Jalandhar,https://www.redbus.in/bus-tickets/delhi-to-jalandhar,Lavish Travels,A/C Seater / Sleeper (2+2),18:15:00,09h 15m,03:30:00,521,27,3.6
Delhi to Jalandhar,https://www.redbus.in/bus-tickets/delhi-to-jalandhar,B S Holiday Travels,A/C Seater / Sleeper (2+2),22:30:00,07h 30m,06:00:00,599,33,3.6
Delhi to Jalandhar,https://www.redbus.in/bus-tickets/delhi-to-jalandhar,Banjara Satguru Travels,A/C Seater / Sleeper (2+2),23:35:00,06h 30m,06:05:00,496,30,3.7
Delhi to Jalandhar,https://www.redbus.in/bus-tickets/delhi-to-jalandhar,New National Travels,A/C Seater / Sleeper (2+2),23:00:00,07h 00m,06:00:00,599,34,3.5
Delhi to Jalandhar,https://www.redbus.in/bus-tickets/delhi-to-jalandhar,FlixBus,A/C Sleeper (2+1),18:30:00,08h 15m,02:45:00,500,12,5
Delhi to Jalandhar,https://www.redbus.in/bus-tickets/delhi-to-jalandhar,India Tours & Travels (GetBookCab),A/C Semi Sleeper / Sleeper (2+2),21:45:00,08h 25m,06:10:00,650,28,4.2
Delhi to Jalandhar,https://www.redbus.in/bus-tickets/delhi-to-jalandhar,Banjara Satguru Travels,A/C Seater / Sleeper (2+2),22:40:00,07h 26m,06:06:00,629,27,3
Delhi to Jalandhar,https://www.redbus.in/bus-tickets/delhi-to-jalandhar,FlixBus,A/C Sleeper (2+1),21:00:00,08h 15m,05:15:00,720,9,4.8
Delhi to Jalandhar,https://www.redbus.in/bus-tickets/delhi-to-jalandhar,CALL2TRIP,A/C Seater / Sleeper (2+2),22:40:00,07h 00m,05:40:00,719,26,2.9
Delhi to Jalandhar,https://www.redbus.in/bus-tickets/delhi-to-jalandhar,RK Holiday,A/C Seater / Sleeper (2+2),23:10:00,07h 00m,06:10:00,569,40,2.8
Delhi to Jalandhar,https://www.redbus.in/bus-tickets/delhi-to-jalandhar,Big Bus,A/C Seater / Sleeper (2+2),20:30:00,06h 00m,02:30:00,599,39,3.7
Delhi to Jalandhar,https://www.redbus.in/bus-tickets/delhi-to-jalandhar,Big Bus,A/C Seater / Sleeper (2+2),17:35:00,06h 10m,23:45:00,599,39,2.1
Delhi to Jalandhar,https://www.redbus.in/bus-tickets/delhi-to-jalandhar,NEW KING BUS SERVICE,A/C Seater / Sleeper (2+2),22:50:00,06h 45m,05:35:00,499,26,2.9
Delhi to Jalandhar,https://www.redbus.in/bus-tickets/delhi-to-jalandhar,ADTC tour and Travels,Bharat Benz A/C Seater /Sleeper (2+1),22:40:00,06h 20m,05:00:00,599,22,2.6
Delhi to Jalandhar,https://www.redbus.in/bus-tickets/delhi-to-jalandhar,FlixBus,A/C Sleeper (2+1),22:30:00,08h 05m,06:35:00,1173,4,4.8
Delhi to Jalandhar,https://www.redbus.in/bus-tickets/delhi-to-jalandhar,Ram Dalal Holidays,Bharat Benz A/C Sleeper (2+1),23:00:00,07h 50m,06:50:00,574,9,4.8
Delhi to Jalandhar,https://www.redbus.in/bus-tickets/delhi-to-jalandhar,Big Bus,A/C Seater / Sleeper (2+2),15:30:00,06h 10m,21:40:00,599,38,1
Delhi to Jalandhar,https://www.redbus.in/bus-tickets/delhi-to-jalandhar,CAPITAL HOLIDAYS,A/C Seater / Sleeper (2+2),15:30:00,07h 30m,23:00:00,539,36,1.1
Delhi to Jalandhar,https://www.redbus.in/bus-tickets/delhi-to-jalandhar,IntrCity SmartBus,A/C Seater / Sleeper (2+1),21:00:00,09h 05m,06:05:00,730,12,4.5
Delhi to Jalandhar,https://www.redbus.in/bus-tickets/delhi-to-jalandhar,Khurana Bus Service,Bharat Benz A/C Seater (2+2),23:25:00,07h 25m,06:50:00,599,28,4.4
Delhi to Jalandhar,https://www.redbus.in/bus-tickets/delhi-to-jalandhar,India Tours & Travels (GetBookCab),A/C Seater / Sleeper (2+2),21:30:00,08h 30m,06:00:00,1923,39,4.2
Delhi to Jalandhar,https://www.redbus.in/bus-tickets/delhi-to-jalandhar,Kedara Bus,A/C Sleeper (2+1),22:15:00,06h 45m,05:00:00,903,45,3.9
Delhi to Jalandhar,https://www.redbus.in/bus-tickets/delhi-to-jalandhar,City Land Travels,A/C Seater/Sleeper (2+1),23:15:00,07h 25m,06:40:00,853,23,3.6
Delhi to Jalandhar,https://www.redbus.in/bus-tickets/delhi-to-jalandhar,Goel Tourist (Regd),A/C Seater / Sleeper (2+2),20:50:00,07h 00m,03:50:00,601,44,3.5
Delhi to Jalandhar,https://www.redbus.in/bus-tickets/delhi-to-jalandhar,Travel Point,A/C Seater / Sleeper (2+2),21:00:00,06h 21m,03:21:00,759,50,3.5
Delhi to Jalandhar,https://www.redbus.in/bus-tickets/delhi-to-jalandhar,Banjara Satguru Travels,A/C Seater / Sleeper (2+1),22:40:00,07h 26m,06:06:00,640,30,3
Delhi to Jalandhar,https://www.redbus.in/bus-tickets/delhi-to-jalandhar,Golden Temple Volvo Bus Service,A/C Seater / Sleeper (2+1),23:20:00,07h 50m,07:10:00,686,35,2.1
Delhi to Jalandhar,https://www.redbus.in/bus-tickets/delhi-to-jalandhar,Big Bus,A/C Seater / Sleeper (2+2),22:30:00,05h 00m,03:30:00,599,40,2.1
Delhi to Jalandhar,https://www.redbus.in/bus-tickets/delhi-to-jalandhar,MM Travels,AC Seater (2+2),13:30:00,08h 15m,21:45:00,1599,35,1
Patiala to Delhi Airport,https://www.redbus.in/bus-tickets/patiala-to-delhi-airport,PEPSU (Punjab) - 67142,Volvo AC Seater (2+2),16:00:00,06h 40m,22:40:00,807,25,4
Patiala to Delhi Airport,https://www.redbus.in/bus-tickets/patiala-to-delhi-airport,Indo Canadian Transport Pvt. Ltd.,A/C Sleeper (2+1),16:30:00,08h 30m,01:00:00,3850,42,4.5
Patiala to Delhi Airport,https://www.redbus.in/bus-tickets/patiala-to-delhi-airport,Indo Canadian Transport Pvt. Ltd.,A/C Sleeper (2+1),22:00:00,07h 00m,05:00:00,2500,28,4.5
Patiala to Delhi Airport,https://www.redbus.in/bus-tickets/patiala-to-delhi-airport,Indo Canadian Transport Pvt. Ltd.,A/C Semi Sleeper (2+2),14:48:00,06h 20m,21:08:00,2500,44,4.5
Patiala to Delhi Airport,https://www.redbus.in/bus-tickets/patiala-to-delhi-airport,Indo Canadian Transport Pvt. Ltd.,A/C Semi Sleeper (2+2),14:30:00,06h 30m,21:00:00,2500,44,4.5
Patiala to Delhi Airport,https://www.redbus.in/bus-tickets/patiala-to-delhi-airport,Indo Canadian Transport Pvt. Ltd.,A/C Semi Sleeper (2+2),18:30:00,06h 30m,01:00:00,3000,44,4.5
Patiala to Delhi Airport,https://www.redbus.in/bus-tickets/patiala-to-delhi-airport,Indo Canadian Transport Pvt. Ltd.,A/C Semi Sleeper (2+2),14:40:00,08h 30m,23:10:00,2500,44,4.5
Patiala to Delhi Airport,https://www.redbus.in/bus-tickets/patiala-to-delhi-airport,Indo Canadian Transport Pvt. Ltd.,A/C Semi Sleeper (2+2),20:30:00,08h 30m,05:00:00,2500,51,4.5
Patiala to Delhi Airport,https://www.redbus.in/bus-tickets/patiala-to-delhi-airport,Indo Canadian Transport Pvt. Ltd.,A/C Sleeper (2+1),16:40:00,08h 30m,01:10:00,3000,42,4.5
Patiala to Delhi Airport,https://www.redbus.in/bus-tickets/patiala-to-delhi-airport,Indo Canadian Transport Pvt. Ltd.,A/C Sleeper (2+1),16:00:00,09h 00m,01:00:00,3850,42,4.5
Patiala to Delhi Airport,https://www.redbus.in/bus-tickets/patiala-to-delhi-airport,Indo Canadian Transport Pvt. Ltd.,A/C Semi Sleeper (2+2),14:30:00,08h 30m,23:00:00,3300,44,4.5
Jalandhar to Delhi Airport,https://www.redbus.in/bus-tickets/jalandhar-to-delhi-airport,PEPSU (Punjab) - 67135,Volvo AC Seater (2+2),15:33:00,11h 02m,02:35:00,1130,35,3.6
Jalandhar to Delhi Airport,https://www.redbus.in/bus-tickets/jalandhar-to-delhi-airport,PEPSU (Punjab) - 67098,Volvo AC Seater (2+2),18:10:00,09h 55m,04:05:00,1130,37,3.2
Jalandhar to Delhi Airport,https://www.redbus.in/bus-tickets/jalandhar-to-delhi-airport,PEPSU (Punjab) - 67128,Volvo AC Seater (2+2),19:10:00,09h 40m,04:50:00,1130,37,4.5
Jalandhar to Delhi Airport,https://www.redbus.in/bus-tickets/jalandhar-to-delhi-airport,Indo Canadian Transport Pvt. Ltd.,A/C Semi Sleeper (2+2),18:00:00,11h 00m,05:00:00,3300,45,4.1
Jalandhar to Delhi Airport,https://www.redbus.in/bus-tickets/jalandhar-to-delhi-airport,Indo Canadian Transport Pvt. Ltd.,A/C Semi Sleeper (2+2),16:00:00,11h 00m,03:00:00,3300,31,4.5
Jalandhar to Delhi Airport,https://www.redbus.in/bus-tickets/jalandhar-to-delhi-airport,Indo Canadian Transport Pvt. Ltd.,A/C Sleeper (2+1),20:00:00,11h 00m,07:00:00,3850,39,4.5
Jalandhar to Delhi Airport,https://www.redbus.in/bus-tickets/jalandhar-to-delhi-airport,Indo Canadian Transport Pvt. Ltd.,A/C Semi Sleeper (2+2),23:55:00,11h 10m,11:05:00,3000,30,4.5
Jalandhar to Delhi Airport,https://www.redbus.in/bus-tickets/jalandhar-to-delhi-airport,Indo Canadian Transport Pvt. Ltd.,A/C Sleeper (2+1),14:00:00,11h 00m,01:00:00,3850,27,4.5
Jalandhar to Delhi Airport,https://www.redbus.in/bus-tickets/jalandhar-to-delhi-airport,Indo Canadian Transport Pvt. Ltd.,A/C Semi Sleeper (2+2),23:55:00,11h 00m,10:55:00,3300,51,4.5
Jalandhar to Delhi Airport,https://www.redbus.in/bus-tickets/jalandhar-to-delhi-airport,Indo Canadian Transport Pvt. Ltd.,A/C Semi Sleeper (2+2),23:00:00,11h 00m,10:00:00,3300,44,4.5
Ludhiana to Delhi Airport,https://www.redbus.in/bus-tickets/ludhiana-to-delhi-airport,PEPSU (Punjab) - 67135,Volvo AC Seater (2+2),17:35:00,09h 00m,02:35:00,969,35,3.1
Ludhiana to Delhi Airport,https://www.redbus.in/bus-tickets/ludhiana-to-delhi-airport,PEPSU (Punjab) - 67098,Volvo AC Seater (2+2),19:50:00,08h 15m,04:05:00,969,37,4.3
Ludhiana to Delhi Airport,https://www.redbus.in/bus-tickets/ludhiana-to-delhi-airport,PEPSU (Punjab) - 67128,Volvo AC Seater (2+2),20:50:00,08h 00m,04:50:00,969,37,3.9
Ludhiana to Delhi Airport,https://www.redbus.in/bus-tickets/ludhiana-to-delhi-airport,PEPSU (Punjab) - 67164,Volvo AC Seater (2+2),21:50:00,08h 00m,05:50:00,969,36,4.3
Ludhiana to Delhi Airport,https://www.redbus.in/bus-tickets/ludhiana-to-delhi-airport,Indo Canadian Transport Pvt. Ltd.,A/C Sleeper (2+1),15:39:00,09h 31m,01:10:00,3000,42,4.5
Ludhiana to Delhi Airport,https://www.redbus.in/bus-tickets/ludhiana-to-delhi-airport,Indo Canadian Transport Pvt. Ltd.,A/C Sleeper (2+1),15:29:00,09h 31m,01:00:00,3850,42,4.5
Ludhiana to Delhi Airport,https://www.redbus.in/bus-tickets/ludhiana-to-delhi-airport,Indo Canadian Transport Pvt. Ltd.,A/C Semi Sleeper (2+2),13:29:00,09h 31m,23:00:00,3300,44,4.5
Ludhiana to Delhi Airport,https://www.redbus.in/bus-tickets/ludhiana-to-delhi-airport,Indo Canadian Transport Pvt. Ltd.,A/C Sleeper (2+1),15:29:00,09h 31m,01:00:00,3850,42,4.5
Ludhiana to Delhi Airport,https://www.redbus.in/bus-tickets/ludhiana-to-delhi-airport,Indo Canadian Transport Pvt. Ltd.,A/C Semi Sleeper (2+2),13:37:00,07h 31m,21:08:00,2500,44,4.5
Ludhiana to Delhi Airport,https://www.redbus.in/bus-tickets/ludhiana-to-delhi-airport,Indo Canadian Transport Pvt. Ltd.,A/C Semi Sleeper (2+2),17:37:00,07h 31m,01:08:00,2500,44,4.5
Ludhiana to Delhi Airport,https://www.redbus.in/bus-tickets/ludhiana-to-delhi-airport,Indo Canadian Transport Pvt. Ltd.,A/C Semi Sleeper (2+2),13:29:00,07h 31m,21:00:00,2500,44,4.5
Ludhiana to Delhi Airport,https://www.redbus.in/bus-tickets/ludhiana-to-delhi-airport,Indo Canadian Transport Pvt. Ltd.,A/C Semi Sleeper (2+2),23:29:00,09h 31m,09:00:00,2500,44,4.5
Ludhiana to Delhi Airport,https://www.redbus.in/bus-tickets/ludhiana-to-delhi-airport,Indo Canadian Transport Pvt. Ltd.,A/C Semi Sleeper (2+2),17:29:00,09h 31m,03:00:00,3000,44,4.5
Ludhiana to Delhi Airport,https://www.redbus.in/bus-tickets/ludhiana-to-delhi-airport,Indo Canadian Transport Pvt. Ltd.,A/C Sleeper (2+1),21:29:00,09h 31m,07:00:00,3000,30,4.5
Ludhiana to Delhi Airport,https://www.redbus.in/bus-tickets/ludhiana-to-delhi-airport,Indo Canadian Transport Pvt. Ltd.,A/C Semi Sleeper (2+2),19:29:00,09h 31m,05:00:00,3300,47,4.5
Phagwara to Delhi Airport,https://www.redbus.in/bus-tickets/phagwara-to-delhi-airport,PEPSU (Punjab) - 67096,Volvo AC Seater (2+2),15:20:00,08h 40m,00:00:00,1078,35,4.4
Phagwara to Delhi Airport,https://www.redbus.in/bus-tickets/phagwara-to-delhi-airport,PEPSU (Punjab) - 67135,Volvo AC Seater (2+2),15:53:00,10h 42m,02:35:00,1078,35,3.1
Phagwara to Delhi Airport,https://www.redbus.in/bus-tickets/phagwara-to-delhi-airport,PEPSU (Punjab) - 67098,Volvo AC Seater (2+2),18:35:00,09h 30m,04:05:00,1078,37,4
Phagwara to Delhi Airport,https://www.redbus.in/bus-tickets/phagwara-to-delhi-airport,PEPSU (Punjab) - 67128,Volvo AC Seater (2+2),19:30:00,09h 20m,04:50:00,1078,37,4.8
Phagwara to Delhi Airport,https://www.redbus.in/bus-tickets/phagwara-to-delhi-airport,PEPSU (Punjab) - 67164,Volvo AC Seater (2+2),20:20:00,09h 30m,05:50:00,1078,36,4.2
Phagwara to Delhi Airport,https://www.redbus.in/bus-tickets/phagwara-to-delhi-airport,Indo Canadian Transport Pvt. Ltd.,A/C Sleeper (2+1),14:35:00,08h 25m,23:00:00,3000,42,4.5
Phagwara to Delhi Airport,https://www.redbus.in/bus-tickets/phagwara-to-delhi-airport,Indo Canadian Transport Pvt. Ltd.,A/C Semi Sleeper (2+2),22:35:00,10h 25m,09:00:00,2500,44,4.5
Phagwara to Delhi Airport,https://www.redbus.in/bus-tickets/phagwara-to-delhi-airport,Indo Canadian Transport Pvt. Ltd.,A/C Semi Sleeper (2+2),16:35:00,10h 25m,03:00:00,3300,35,4.5
Phagwara to Delhi Airport,https://www.redbus.in/bus-tickets/phagwara-to-delhi-airport,Indo Canadian Transport Pvt. Ltd.,A/C Semi Sleeper (2+2),18:35:00,08h 25m,03:00:00,2500,51,4.5
Phagwara to Delhi Airport,https://www.redbus.in/bus-tickets/phagwara-to-delhi-airport,Indo Canadian Transport Pvt. Ltd.,A/C Semi Sleeper (2+2),12:45:00,10h 25m,23:10:00,2500,44,4.5
Phagwara to Delhi Airport,https://www.redbus.in/bus-tickets/phagwara-to-delhi-airport,Indo Canadian Transport Pvt. Ltd.,A/C Sleeper (2+1),20:35:00,10h 25m,07:00:00,3000,30,4.5
Phagwara to Delhi Airport,https://www.redbus.in/bus-tickets/phagwara-to-delhi-airport,Indo Canadian Transport Pvt. Ltd.,A/C Semi Sleeper (2+2),18:35:00,10h 25m,05:00:00,3300,51,4.5
Phagwara to Delhi Airport,https://www.redbus.in/bus-tickets/phagwara-to-delhi-airport,Indo Canadian Transport Pvt. Ltd.,A/C Sleeper (2+1),14:45:00,10h 25m,01:10:00,3000,42,4.5
Phagwara to Delhi Airport,https://www.redbus.in/bus-tickets/phagwara-to-delhi-airport,Indo Canadian Transport Pvt. Ltd.,A/C Sleeper (2+1),14:35:00,10h 25m,01:00:00,3850,42,4.5
Phagwara to Delhi Airport,https://www.redbus.in/bus-tickets/phagwara-to-delhi-airport,Indo Canadian Transport Pvt. Ltd.,A/C Semi Sleeper (2+2),12:35:00,10h 25m,23:00:00,3300,44,4.5
Phagwara to Delhi Airport,https://www.redbus.in/bus-tickets/phagwara-to-delhi-airport,Indo Canadian Transport Pvt. Ltd.,A/C Semi Sleeper (2+2),23:35:00,10h 25m,10:00:00,3300,44,4.5
Phagwara to Delhi Airport,https://www.redbus.in/bus-tickets/phagwara-to-delhi-airport,Indo Canadian Transport Pvt. Ltd.,A/C Semi Sleeper (2+2),12:35:00,08h 25m,21:00:00,2500,44,4.5
Phagwara to Delhi Airport,https://www.redbus.in/bus-tickets/phagwara-to-delhi-airport,Indo Canadian Transport Pvt. Ltd.,A/C Semi Sleeper (2+2),16:35:00,08h 25m,01:00:00,2500,44,4.5
Phagwara to Delhi Airport,https://www.redbus.in/bus-tickets/phagwara-to-delhi-airport,Indo Canadian Transport Pvt. Ltd.,A/C Semi Sleeper (2+2),22:35:00,08h 25m,07:00:00,2500,44,4.5
Phagwara to Delhi Airport,https://www.redbus.in/bus-tickets/phagwara-to-delhi-airport,Indo Canadian Transport Pvt. Ltd.,A/C Sleeper (2+1),14:35:00,08h 25m,23:00:00,3000,42,4.5
Phagwara to Delhi Airport,https://www.redbus.in/bus-tickets/phagwara-to-delhi-airport,Indo Canadian Transport Pvt. Ltd.,A/C Semi Sleeper (2+2),12:35:00,08h 25m,21:00:00,2500,44,4.5
Delhi Airport to Ludhiana,https://www.redbus.in/bus-tickets/delhi-airport-to-ludhiana,PEPSU (Punjab) - 67132,Volvo AC Seater (2+2),15:50:00,07h 50m,23:40:00,969,39,4.1
Delhi Airport to Ludhiana,https://www.redbus.in/bus-tickets/delhi-airport-to-ludhiana,PEPSU (Punjab) - 67121,Volvo AC Seater (2+2),21:00:00,07h 50m,04:50:00,969,35,4.1
Delhi Airport to Ludhiana,https://www.redbus.in/bus-tickets/delhi-airport-to-ludhiana,PEPSU (Punjab) - 67064,Volvo AC Seater (2+2),23:58:00,08h 00m,07:58:00,969,33,4.1
Delhi Airport to Ludhiana,https://www.redbus.in/bus-tickets/delhi-airport-to-ludhiana,Indo Canadian Transport Pvt. Ltd.,A/C Semi Sleeper (2+2),13:00:00,10h 15m,23:15:00,3300,51,4.5
Delhi Airport to Ludhiana,https://www.redbus.in/bus-tickets/delhi-airport-to-ludhiana,Indo Canadian Transport Pvt. Ltd.,A/C Semi Sleeper (2+2),19:30:00,10h 15m,05:45:00,3300,51,4.5
Delhi Airport to Ludhiana,https://www.redbus.in/bus-tickets/delhi-airport-to-ludhiana,Indo Canadian Transport Pvt. Ltd.,A/C Sleeper (2+1),22:00:00,10h 15m,08:15:00,3850,40,4.5
Delhi Airport to Ludhiana,https://www.redbus.in/bus-tickets/delhi-airport-to-ludhiana,Indo Canadian Transport Pvt. Ltd.,A/C Semi Sleeper (2+2),16:00:00,10h 15m,02:15:00,3300,41,4.5
Delhi Airport to Ludhiana,https://www.redbus.in/bus-tickets/delhi-airport-to-ludhiana,Indo Canadian Transport Pvt. Ltd.,A/C Semi Sleeper (2+2),15:30:00,10h 15m,01:45:00,3300,49,4.5
Delhi Airport to Ludhiana,https://www.redbus.in/bus-tickets/delhi-airport-to-ludhiana,Indo Canadian Transport Pvt. Ltd.,A/C Semi Sleeper (2+2),23:30:00,10h 15m,09:45:00,3300,38,4.5
Delhi Airport to Ludhiana,https://www.redbus.in/bus-tickets/delhi-airport-to-ludhiana,Indo Canadian Transport Pvt. Ltd.,A/C Sleeper (2+1),13:30:00,07h 15m,20:45:00,3000,30,4.5
Delhi Airport to Ludhiana,https://www.redbus.in/bus-tickets/delhi-airport-to-ludhiana,Indo Canadian Transport Pvt. Ltd.,A/C Sleeper (2+1),13:30:00,07h 30m,21:00:00,3000,30,4.5
Delhi Airport to Ludhiana,https://www.redbus.in/bus-tickets/delhi-airport-to-ludhiana,Indo Canadian Transport Pvt. Ltd.,A/C Sleeper (2+1),13:30:00,07h 15m,20:45:00,3000,30,4.5
Delhi Airport to Ludhiana,https://www.redbus.in/bus-tickets/delhi-airport-to-ludhiana,Zingbus Plus,Scania A/C Semi Sleeper (2+2),19:50:00,09h 35m,05:25:00,814,23,4.3
Delhi to Phagwara,https://www.redbus.in/bus-tickets/delhi-to-phagwara,PEPSU (Punjab) - 67123,Volvo AC Seater (2+2),13:45:00,07h 00m,20:45:00,954,38,3.2
Delhi to Phagwara,https://www.redbus.in/bus-tickets/delhi-to-phagwara,Laxmi holidays,Bharat Benz A/C Seater /Sleeper (2+1),22:20:00,07h 00m,05:20:00,732,18,4.5
Delhi to Phagwara,https://www.redbus.in/bus-tickets/delhi-to-phagwara,Laxmi holidays,Bharat Benz A/C Seater /Sleeper (2+1),22:00:00,07h 50m,05:50:00,732,20,4.4
Delhi to Phagwara,https://www.redbus.in/bus-tickets/delhi-to-phagwara,New Navyug Travels,A/C Sleeper (2+1),22:45:00,06h 30m,05:15:00,725,19,4.1
Delhi to Phagwara,https://www.redbus.in/bus-tickets/delhi-to-phagwara,Laxmi holidays,Bharat Benz A/C Sleeper (2+1),23:40:00,07h 35m,07:15:00,950,18,4.3
Delhi to Phagwara,https://www.redbus.in/bus-tickets/delhi-to-phagwara,IntrCity SmartBus,Bharat Benz A/C Seater /Sleeper (2+1),20:15:00,09h 05m,05:20:00,669,20,4.9
Delhi to Phagwara,https://www.redbus.in/bus-tickets/delhi-to-phagwara,Laxmi holidays,Bharat Benz A/C Sleeper (2+1),23:30:00,07h 10m,06:40:00,812,32,4.4
Delhi to Phagwara,https://www.redbus.in/bus-tickets/delhi-to-phagwara,Zingbus Plus,Bharat Benz A/C Seater /Sleeper (2+1),20:25:00,06h 45m,03:10:00,570,16,4.7
Delhi to Phagwara,https://www.redbus.in/bus-tickets/delhi-to-phagwara,Golden Temple Express Volvo,A/C Seater / Sleeper (2+2),22:58:00,06h 42m,05:40:00,699,28,3.7
Delhi to Phagwara,https://www.redbus.in/bus-tickets/delhi-to-phagwara,Yolo Bus,VE A/C Seater / Sleeper (2+1),23:30:00,06h 30m,06:00:00,870,20,4.5
Delhi to Phagwara,https://www.redbus.in/bus-tickets/delhi-to-phagwara,IntrCity SmartBus,Bharat Benz A/C Seater /Sleeper (2+1),21:30:00,07h 55m,05:25:00,561,22,4.8
Delhi to Phagwara,https://www.redbus.in/bus-tickets/delhi-to-phagwara,Yolo Bus,VE A/C Seater / Sleeper (2+1),22:00:00,07h 04m,05:04:00,540,22,4.7
Delhi to Phagwara,https://www.redbus.in/bus-tickets/delhi-to-phagwara,IntrCity SmartBus,Bharat Benz A/C Seater /Sleeper (2+1),22:45:00,08h 25m,07:10:00,608,25,4.5
Delhi to Phagwara,https://www.redbus.in/bus-tickets/delhi-to-phagwara,Golden Temple Express Volvo,Volvo Multi-Axle A/C Semi Sleeper (2+2),22:50:00,07h 05m,05:55:00,699,23,4.3
Delhi to Phagwara,https://www.redbus.in/bus-tickets/delhi-to-phagwara,IntrCity SmartBus,A/C Seater / Sleeper (2+1),20:45:00,08h 05m,04:50:00,807,24,4.6
Delhi to Phagwara,https://www.redbus.in/bus-tickets/delhi-to-phagwara,Ram Dalal Holidays,A/C Seater/Sleeper (2+1),18:30:00,07h 10m,01:40:00,585,18,4.9
Delhi to Phagwara,https://www.redbus.in/bus-tickets/delhi-to-phagwara,IntrCity SmartBus,Bharat Benz A/C Seater /Sleeper (2+1),22:15:00,08h 15m,06:30:00,788,18,3.9
Delhi to Phagwara,https://www.redbus.in/bus-tickets/delhi-to-phagwara,IntrCity SmartBus,Bharat Benz A/C Seater /Sleeper (2+1),21:45:00,08h 10m,05:55:00,599,26,4.4
Delhi to Phagwara,https://www.redbus.in/bus-tickets/delhi-to-phagwara,IntrCity SmartBus,AC Sleeper (2+1),22:30:00,08h 15m,06:45:00,691,19,3.4
Delhi to Phagwara,https://www.redbus.in/bus-tickets/delhi-to-phagwara,IntrCity SmartBus,A/C Seater / Sleeper (2+1),22:00:00,08h 30m,06:30:00,606,20,4.1
Delhi to Phagwara,https://www.redbus.in/bus-tickets/delhi-to-phagwara,IntrCity SmartBus,A/C Seater / Sleeper (2+1),21:30:00,09h 00m,06:30:00,707,20,4.1
Delhi to Phagwara,https://www.redbus.in/bus-tickets/delhi-to-phagwara,Golden Temple Express Volvo,A/C Seater / Sleeper (2+2),22:55:00,06h 55m,05:50:00,649,19,3.1
Delhi to Phagwara,https://www.redbus.in/bus-tickets/delhi-to-phagwara,NueGo,Electric A/C Seater/Sleeper (2+1),22:00:00,08h 10m,06:10:00,664,30,3
Delhi to Phagwara,https://www.redbus.in/bus-tickets/delhi-to-phagwara,ADTC tour and Travels,Volvo Multi-Axle I-Shift B11R Semi Sleeper (2+2),22:25:00,06h 15m,04:40:00,699,31,3.6
Delhi to Phagwara,https://www.redbus.in/bus-tickets/delhi-to-phagwara,Muskan Tour And Travels private Limited,Volvo Multi-Axle I-Shift B11R Semi Sleeper (2+2),22:40:00,05h 50m,04:30:00,647,29,2.9
Delhi to Phagwara,https://www.redbus.in/bus-tickets/delhi-to-phagwara,Banjara Satguru Travels,A/C Seater / Sleeper (2+2),22:50:00,06h 30m,05:20:00,539,27,2
Delhi to Phagwara,https://www.redbus.in/bus-tickets/delhi-to-phagwara,Golden Temple Volvo Bus Service,A/C Seater / Sleeper (2+2),23:40:00,07h 35m,07:15:00,686,45,1.7
Delhi to Phagwara,https://www.redbus.in/bus-tickets/delhi-to-phagwara,Zingbus Plus,Bharat Benz A/C Seater /Sleeper (2+1),21:55:00,08h 20m,06:15:00,629,30,4.6
Delhi to Phagwara,https://www.redbus.in/bus-tickets/delhi-to-phagwara,Yolo Bus,A/C Seater/Sleeper (2+1),19:15:00,07h 25m,02:40:00,499,19,4.6
Delhi to Phagwara,https://www.redbus.in/bus-tickets/delhi-to-phagwara,IntrCity SmartBus,VE A/C Seater / Sleeper (2+1),22:30:00,08h 15m,06:45:00,707,20,4.4
Delhi to Phagwara,https://www.redbus.in/bus-tickets/delhi-to-phagwara,Golden Temple Express Volvo,A/C Seater / Sleeper (2+2),22:50:00,06h 45m,05:35:00,599,22,3.7
Delhi to Phagwara,https://www.redbus.in/bus-tickets/delhi-to-phagwara,Lavish Travels,A/C Seater / Sleeper (2+2),18:15:00,09h 00m,03:15:00,521,30,3.6
Delhi to Phagwara,https://www.redbus.in/bus-tickets/delhi-to-phagwara,Zingbus Plus,Scania A/C Semi Sleeper (2+2),22:50:00,07h 20m,06:10:00,591,23,4
Delhi to Phagwara,https://www.redbus.in/bus-tickets/delhi-to-phagwara,Laxmi holidays,Volvo 9600 Multi-Axle A/C Sleeper (2+1),18:30:00,07h 10m,01:40:00,1045,16,4.8
Delhi to Phagwara,https://www.redbus.in/bus-tickets/delhi-to-phagwara,CALL2TRIP,A/C Seater / Sleeper (2+2),22:40:00,06h 30m,05:10:00,719,28,3
Delhi to Phagwara,https://www.redbus.in/bus-tickets/delhi-to-phagwara,RK Holiday,A/C Seater / Sleeper (2+2),23:10:00,06h 30m,05:40:00,569,40,2.8
Delhi to Phagwara,https://www.redbus.in/bus-tickets/delhi-to-phagwara,Ram Dalal Holidays,Bharat Benz A/C Sleeper (2+1),23:00:00,07h 30m,06:30:00,601,8,4.9
Delhi to Phagwara,https://www.redbus.in/bus-tickets/delhi-to-phagwara,Banjara Satguru Travels,A/C Seater / Sleeper (2+2),23:35:00,06h 00m,05:35:00,496,33,1.4
Delhi to Phagwara,https://www.redbus.in/bus-tickets/delhi-to-phagwara,Classic Travels,A/C Seater / Sleeper (2+2),21:00:00,07h 30m,04:30:00,619,20,2.6
Delhi to Phagwara,https://www.redbus.in/bus-tickets/delhi-to-phagwara,IntrCity SmartBus,A/C Seater / Sleeper (2+1),21:00:00,08h 30m,05:30:00,730,12,4.4
Delhi to Phagwara,https://www.redbus.in/bus-tickets/delhi-to-phagwara,Banjara Satguru Travels,A/C Seater / Sleeper (2+2),22:40:00,07h 06m,05:46:00,629,27,1.7
Delhi to Phagwara,https://www.redbus.in/bus-tickets/delhi-to-phagwara,India Tours & Travels (GetBookCab),A/C Semi Sleeper / Sleeper (2+2),21:45:00,07h 55m,05:40:00,650,29,3.9
Delhi to Phagwara,https://www.redbus.in/bus-tickets/delhi-to-phagwara,India Tours & Travels (GetBookCab),A/C Seater / Sleeper (2+2),21:30:00,08h 00m,05:30:00,2079,39,3.9
Delhi to Phagwara,https://www.redbus.in/bus-tickets/delhi-to-phagwara,ADTC tour and Travels,Bharat Benz A/C Seater /Sleeper (2+1),22:40:00,06h 05m,04:45:00,599,22,3.6
Delhi to Phagwara,https://www.redbus.in/bus-tickets/delhi-to-phagwara,City Land Travels,A/C Seater/Sleeper (2+1),23:15:00,07h 05m,06:20:00,853,23,3.6
Delhi to Phagwara,https://www.redbus.in/bus-tickets/delhi-to-phagwara,Goel Tourist (Regd),A/C Seater / Sleeper (2+2),20:50:00,06h 25m,03:15:00,601,44,3.5
Delhi to Phagwara,https://www.redbus.in/bus-tickets/delhi-to-phagwara,Khurana Bus Service,Bharat Benz A/C Seater (2+2),23:25:00,07h 15m,06:40:00,599,28,2
Delhi to Phagwara,https://www.redbus.in/bus-tickets/delhi-to-phagwara,Golden Temple Volvo Bus Service,A/C Seater / Sleeper (2+1),23:20:00,07h 35m,06:55:00,686,35,1.7
Delhi to Phagwara,https://www.redbus.in/bus-tickets/delhi-to-phagwara,Banjara Satguru Travels,A/C Seater / Sleeper (2+1),22:40:00,07h 06m,05:46:00,640,30,1.7
Delhi to Amritsar,https://www.redbus.in/bus-tickets/delhi-to-amritsar,PEPSU (Punjab) - 67121,Volvo AC Seater (2+2),21:50:00,10h 30m,08:20:00,1216,35,3.8
Delhi to Amritsar,https://www.redbus.in/bus-tickets/delhi-to-amritsar,RSRTC - 156675,Express Non AC Seater 2+3,22:30:00,10h 00m,08:30:00,548,41,2.9
Delhi to Amritsar,https://www.redbus.in/bus-tickets/delhi-to-amritsar,IntrCity SmartBus,Bharat Benz A/C Seater /Sleeper (2+1),21:45:00,10h 15m,08:00:00,599,25,4.6
Delhi to Amritsar,https://www.redbus.in/bus-tickets/delhi-to-amritsar,AdADTC tour and Travels,Volvo Multi-Axle I-Shift B11R Semi Sleeper (2+2),22:35:00,07h 50m,06:25:00,699,30,4
Delhi to Amritsar,https://www.redbus.in/bus-tickets/delhi-to-amritsar,R S YADAV SMART BUS PRIVATE LIMITED,Volvo Multi Axle B11R AC Seater\Sleeper (2+1),22:40:00,08h 30m,07:10:00,799,9,4.5
Delhi to Amritsar,https://www.redbus.in/bus-tickets/delhi-to-amritsar,Laxmi holidays,Bharat Benz A/C Seater /Sleeper (2+1),22:40:00,08h 25m,07:05:00,732,18,4.4
Delhi to Amritsar,https://www.redbus.in/bus-tickets/delhi-to-amritsar,Yolo Bus,VE A/C Seater / Sleeper (2+1),23:59:00,08h 06m,08:05:00,900,20,4.5
Delhi to Amritsar,https://www.redbus.in/bus-tickets/delhi-to-amritsar,AdLaxmi holidays,Bharat Benz A/C Sleeper (2+1),23:50:00,08h 55m,08:45:00,812,32,4.2
Delhi to Amritsar,https://www.redbus.in/bus-tickets/delhi-to-amritsar,Laxmi holidays,VE A/C Sleeper (2+1),23:20:00,08h 55m,08:15:00,855,22,4.5
Delhi to Amritsar,https://www.redbus.in/bus-tickets/delhi-to-amritsar,IntrCity SmartBus,Bharat Benz A/C Seater /Sleeper (2+1),23:58:00,08h 57m,08:55:00,640,23,4.5
Delhi to Amritsar,https://www.redbus.in/bus-tickets/delhi-to-amritsar,Yolo Bus,VE A/C Seater / Sleeper (2+1),22:33:00,08h 31m,07:04:00,540,20,4.4
Delhi to Amritsar,https://www.redbus.in/bus-tickets/delhi-to-amritsar,IntrCity SmartBus,A/C Seater / Sleeper (2+1),21:30:00,09h 10m,06:40:00,807,24,4.5
Delhi to Amritsar,https://www.redbus.in/bus-tickets/delhi-to-amritsar,Laxmi holidays,Bharat Benz A/C Seater /Sleeper (2+1),22:20:00,08h 55m,07:15:00,732,20,4.3
Delhi to Amritsar,https://www.redbus.in/bus-tickets/delhi-to-amritsar,Laxmi holidays,Bharat Benz A/C Sleeper (2+1),23:55:00,09h 05m,09:00:00,950,18,4.2
Delhi to Amritsar,https://www.redbus.in/bus-tickets/delhi-to-amritsar,Muskan Tour And Travels private Limited,Volvo Multi-Axle I-Shift B11R Semi Sleeper (2+2),22:55:00,07h 35m,06:30:00,647,29,4.3
Delhi to Amritsar,https://www.redbus.in/bus-tickets/delhi-to-amritsar,IntrCity SmartBus,Bharat Benz A/C Seater /Sleeper (2+1),22:00:00,09h 15m,07:15:00,669,20,4.3
Delhi to Amritsar,https://www.redbus.in/bus-tickets/delhi-to-amritsar,Zingbus Plus,Scania A/C Semi Sleeper (2+2),22:50:00,09h 20m,08:10:00,634,18,4.5
Delhi to Amritsar,https://www.redbus.in/bus-tickets/delhi-to-amritsar,IntrCity SmartBus,Bharat Benz A/C Seater /Sleeper (2+1),22:30:00,08h 45m,07:15:00,591,17,4.1
Delhi to Amritsar,https://www.redbus.in/bus-tickets/delhi-to-amritsar,IntrCity SmartBus,Bharat Benz A/C Seater /Sleeper (2+1),22:15:00,10h 00m,08:15:00,788,18,4.5
Delhi to Amritsar,https://www.redbus.in/bus-tickets/delhi-to-amritsar,Golden Temple Express Volvo,A/C Seater / Sleeper (2+2),23:20:00,07h 55m,07:15:00,699,28,3.8
Delhi to Amritsar,https://www.redbus.in/bus-tickets/delhi-to-amritsar,Golden Temple Express Volvo,Volvo Multi-Axle A/C Semi Sleeper (2+2),23:20:00,07h 50m,07:10:00,699,22,3.8
Delhi to Amritsar,https://www.redbus.in/bus-tickets/delhi-to-amritsar,Golden Temple Express Volvo,A/C Seater / Sleeper (2+2),23:15:00,08h 03m,07:18:00,649,19,3.9
Delhi to Amritsar,https://www.redbus.in/bus-tickets/delhi-to-amritsar,Zingbus Plus,Bharat Benz A/C Seater /Sleeper (2+1),22:25:00,09h 35m,08:00:00,629,28,4.7
Delhi to Amritsar,https://www.redbus.in/bus-tickets/delhi-to-amritsar,IntrCity SmartBus,A/C Seater / Sleeper (2+1),23:10:00,09h 10m,08:20:00,707,20,4.2
Delhi to Amritsar,https://www.redbus.in/bus-tickets/delhi-to-amritsar,IntrCity SmartBus,A/C Seater / Sleeper (2+1),23:30:00,08h 40m,08:10:00,606,18,4.4
Delhi to Amritsar,https://www.redbus.in/bus-tickets/delhi-to-amritsar,NueGo,Electric A/C Seater/Sleeper (2+1),22:25:00,09h 25m,07:50:00,664,29,3.1
Delhi to Amritsar,https://www.redbus.in/bus-tickets/delhi-to-amritsar,CALL2TRIP,A/C Seater / Sleeper (2+2),22:59:00,08h 11m,07:10:00,719,26,3.1
Delhi to Amritsar,https://www.redbus.in/bus-tickets/delhi-to-amritsar,Classic Travels,A/C Seater / Sleeper (2+2),21:00:00,09h 15m,06:15:00,519,20,2.5
Delhi to Amritsar,https://www.redbus.in/bus-tickets/delhi-to-amritsar,Golden Temple Volvo Bus Service,A/C Seater / Sleeper (2+2),00:15:00,08h 55m,09:10:00,686,44,2.7
Delhi to Amritsar,https://www.redbus.in/bus-tickets/delhi-to-amritsar,Banjara Satguru Travels,A/C Seater / Sleeper (2+2),23:20:00,07h 40m,07:00:00,539,27,2.6
Delhi to Amritsar,https://www.redbus.in/bus-tickets/delhi-to-amritsar,K.S Travels,A/C Semi Sleeper / Sleeper (2+2),23:00:00,08h 00m,07:00:00,800,32,4.5
Delhi to Amritsar,https://www.redbus.in/bus-tickets/delhi-to-amritsar,IntrCity SmartBus,VE A/C Seater / Sleeper (2+1),00:05:00,08h 30m,08:35:00,707,20,4.4
Delhi to Amritsar,https://www.redbus.in/bus-tickets/delhi-to-amritsar,Golden Temple Express Volvo,A/C Seater / Sleeper (2+2),23:10:00,08h 05m,07:15:00,699,21,3.6
Delhi to Amritsar,https://www.redbus.in/bus-tickets/delhi-to-amritsar,ADTC tour and Travels,Bharat Benz A/C Seater /Sleeper (2+1),22:50:00,07h 40m,06:30:00,599,17,3.4
Delhi to Amritsar,https://www.redbus.in/bus-tickets/delhi-to-amritsar,IntrCity SmartBus,A/C Seater / Sleeper (2+1),22:40:00,08h 50m,07:30:00,730,12,4.7
Delhi to Amritsar,https://www.redbus.in/bus-tickets/delhi-to-amritsar,New National Travels,A/C Seater / Sleeper (2+2),23:30:00,07h 30m,07:00:00,599,34,3.1
Delhi to Amritsar,https://www.redbus.in/bus-tickets/delhi-to-amritsar,Banjara Satguru Travels,A/C Seater / Sleeper (2+2),00:10:00,07h 25m,07:35:00,496,30,2.7
Delhi to Amritsar,https://www.redbus.in/bus-tickets/delhi-to-amritsar,Ram Dalal Holidays,Bharat Benz A/C Sleeper (2+1),23:20:00,08h 45m,08:05:00,601,8,3.4
Delhi to Amritsar,https://www.redbus.in/bus-tickets/delhi-to-amritsar,NEW KING BUS SERVICE,A/C Seater / Sleeper (2+2),23:35:00,06h 55m,06:30:00,499,26,2.7
Delhi to Amritsar,https://www.redbus.in/bus-tickets/delhi-to-amritsar,Golden Temple Volvo Bus Service,A/C Seater / Sleeper (2+1),00:10:00,08h 40m,08:50:00,686,35,3
Delhi to Amritsar,https://www.redbus.in/bus-tickets/delhi-to-amritsar,City Land Travels,A/C Seater/Sleeper (2+1),23:55:00,08h 05m,08:00:00,853,23,3.6
Delhi to Amritsar,https://www.redbus.in/bus-tickets/delhi-to-amritsar,Khurana Bus Service,Bharat Benz A/C Seater (2+2),00:10:00,07h 50m,08:00:00,599,28,3.3
Delhi to Amritsar,https://www.redbus.in/bus-tickets/delhi-to-amritsar,FlixBus,A/C Sleeper (2+1),23:25:00,08h 30m,07:55:00,1173,4,3.2
Amritsar to Delhi,https://www.redbus.in/bus-tickets/amritsar-to-delhi,PEPSU (Punjab) - 67098,Volvo AC Seater (2+2),15:50:00,11h 35m,03:25:00,1216,37,3.3
Amritsar to Delhi,https://www.redbus.in/bus-tickets/amritsar-to-delhi,IntrCity SmartBus,Bharat Benz A/C Seater /Sleeper (2+1),21:30:00,09h 00m,06:30:00,413,24,4.6
Amritsar to Delhi,https://www.redbus.in/bus-tickets/amritsar-to-delhi,Yolo Bus,VE A/C Seater / Sleeper (2+1),19:56:00,09h 04m,05:00:00,550,13,4.5
Amritsar to Delhi,https://www.redbus.in/bus-tickets/amritsar-to-delhi,AdLaxmi holidays,Bharat Benz A/C Sleeper (2+1),21:30:00,09h 15m,06:45:00,570,20,4.3
Amritsar to Delhi,https://www.redbus.in/bus-tickets/amritsar-to-delhi,Laxmi holidays,Bharat Benz A/C Sleeper (2+1),22:30:00,09h 00m,07:30:00,570,26,4.4
Amritsar to Delhi,https://www.redbus.in/bus-tickets/amritsar-to-delhi,Laxmi holidays,Bharat Benz A/C Seater /Sleeper (2+1),21:00:00,09h 20m,06:20:00,380,36,4.4
Amritsar to Delhi,https://www.redbus.in/bus-tickets/amritsar-to-delhi,Yolo Bus,VE A/C Seater / Sleeper (2+1),22:11:00,08h 17m,06:28:00,400,27,4.4
Amritsar to Delhi,https://www.redbus.in/bus-tickets/amritsar-to-delhi,AdADTC tour and Travels,Volvo Multi-Axle I-Shift B11R Semi Sleeper (2+2),21:20:00,07h 50m,05:10:00,600,35,4
Amritsar to Delhi,https://www.redbus.in/bus-tickets/amritsar-to-delhi,IntrCity SmartBus,Bharat Benz A/C Seater /Sleeper (2+1),23:00:00,08h 00m,07:00:00,399,29,4.5
Amritsar to Delhi,https://www.redbus.in/bus-tickets/amritsar-to-delhi,Muskan Tour And Travels private Limited,Volvo Multi-Axle I-Shift B11R Semi Sleeper (2+2),22:15:00,07h 40m,05:55:00,508,39,4.6
Amritsar to Delhi,https://www.redbus.in/bus-tickets/amritsar-to-delhi,Laxmi holidays,Bharat Benz A/C Seater /Sleeper (2+1),19:30:00,09h 15m,04:45:00,380,25,4.3
Amritsar to Delhi,https://www.redbus.in/bus-tickets/amritsar-to-delhi,IntrCity SmartBus,Bharat Benz A/C Seater /Sleeper (2+1),22:30:00,08h 15m,06:45:00,359,37,4.4
Amritsar to Delhi,https://www.redbus.in/bus-tickets/amritsar-to-delhi,Laxmi holidays,Bharat Benz A/C Sleeper (2+1),21:50:00,09h 10m,07:00:00,570,29,4.2
Amritsar to Delhi,https://www.redbus.in/bus-tickets/amritsar-to-delhi,IntrCity SmartBus,A/C Seater / Sleeper (2+1),20:45:00,09h 10m,05:55:00,394,29,4.5
Amritsar to Delhi,https://www.redbus.in/bus-tickets/amritsar-to-delhi,R S YADAV SMART BUS PRIVATE LIMITED,Volvo Multi Axle B11R AC Seater\Sleeper (2+1),21:25:00,08h 40m,06:05:00,449,15,4.3
Amritsar to Delhi,https://www.redbus.in/bus-tickets/amritsar-to-delhi,Golden Temple Express Volvo,Volvo Multi-Axle A/C Semi Sleeper (2+2),22:15:00,08h 05m,06:20:00,599,32,4.1
Amritsar to Delhi,https://www.redbus.in/bus-tickets/amritsar-to-delhi,IntrCity SmartBus,Bharat Benz A/C Seater /Sleeper (2+1),21:15:00,08h 50m,06:05:00,359,32,4
Amritsar to Delhi,https://www.redbus.in/bus-tickets/amritsar-to-delhi,IntrCity SmartBus,Bharat Benz A/C Seater /Sleeper (2+1),22:00:00,08h 40m,06:40:00,399,23,4.1
Amritsar to Delhi,https://www.redbus.in/bus-tickets/amritsar-to-delhi,Golden Temple Express Volvo,A/C Seater / Sleeper (2+2),21:00:00,08h 20m,05:20:00,449,27,3.8
Amritsar to Delhi,https://www.redbus.in/bus-tickets/amritsar-to-delhi,Zingbus Plus,Scania A/C Semi Sleeper (2+2),21:10:00,09h 55m,07:05:00,340,28,4.1
Amritsar to Delhi,https://www.redbus.in/bus-tickets/amritsar-to-delhi,Golden Temple Express Volvo,A/C Seater / Sleeper (2+2),20:45:00,08h 35m,05:20:00,499,25,3.6
Amritsar to Delhi,https://www.redbus.in/bus-tickets/amritsar-to-delhi,IntrCity SmartBus,A/C Seater / Sleeper (2+1),19:45:00,09h 20m,05:05:00,541,26,4.3
Amritsar to Delhi,https://www.redbus.in/bus-tickets/amritsar-to-delhi,Golden Temple Volvo Bus Service,A/C Seater / Sleeper (2+2),23:05:00,08h 05m,07:10:00,686,38,3
Amritsar to Delhi,https://www.redbus.in/bus-tickets/amritsar-to-delhi,ADTC tour and Travels,Bharat Benz A/C Seater /Sleeper (2+1),21:45:00,07h 30m,05:15:00,399,29,3.1
Amritsar to Delhi,https://www.redbus.in/bus-tickets/amritsar-to-delhi,Zingbus Plus,Bharat Benz A/C Seater /Sleeper (2+1),20:20:00,09h 40m,06:00:00,404,28,4.1
Amritsar to Delhi,https://www.redbus.in/bus-tickets/amritsar-to-delhi,IntrCity SmartBus,A/C Seater / Sleeper (2+1),20:30:00,09h 15m,05:45:00,473,32,4
Amritsar to Delhi,https://www.redbus.in/bus-tickets/amritsar-to-delhi,K.S Travels,A/C Semi Sleeper / Sleeper (2+2),22:30:00,07h 00m,05:30:00,500,52,4.3
Amritsar to Delhi,https://www.redbus.in/bus-tickets/amritsar-to-delhi,Banjara Satguru Travels,A/C Seater / Sleeper (2+2),23:05:00,08h 50m,07:55:00,499,27,2.6
Amritsar to Delhi,https://www.redbus.in/bus-tickets/amritsar-to-delhi,Banjara Satguru Travels,A/C Seater / Sleeper (2+2),22:50:00,08h 25m,07:15:00,640,33,2.2
Amritsar to Delhi,https://www.redbus.in/bus-tickets/amritsar-to-delhi,IntrCity SmartBus,VE A/C Seater / Sleeper (2+1),21:00:00,08h 55m,05:55:00,426,26,4.3
Amritsar to Delhi,https://www.redbus.in/bus-tickets/amritsar-to-delhi,NueGo,Electric A/C Seater/Sleeper (2+1),22:45:00,09h 40m,08:25:00,664,38,3.4
Amritsar to Delhi,https://www.redbus.in/bus-tickets/amritsar-to-delhi,Golden Temple Express Volvo,A/C Seater / Sleeper (2+2),22:40:00,07h 50m,06:30:00,399,34,3
Amritsar to Delhi,https://www.redbus.in/bus-tickets/amritsar-to-delhi,Prince Travels,A/C Seater / Sleeper (2+2),22:10:00,07h 50m,06:00:00,449,36,3
Amritsar to Delhi,https://www.redbus.in/bus-tickets/amritsar-to-delhi,Golden Temple Express Volvo,A/C Seater / Sleeper (2+2),22:30:00,08h 20m,06:50:00,599,27,3.7
Amritsar to Delhi,https://www.redbus.in/bus-tickets/amritsar-to-delhi,FlixBus,A/C Sleeper (2+1),22:00:00,08h 35m,06:35:00,891,7,4.6
Amritsar to Delhi,https://www.redbus.in/bus-tickets/amritsar-to-delhi,SHREE SATGURU TRAVELS,A/C Seater / Sleeper (2+2),22:05:00,07h 40m,05:45:00,499,38,2.9
Amritsar to Delhi,https://www.redbus.in/bus-tickets/amritsar-to-delhi,Golden Temple Express Volvo,A/C Seater / Sleeper (2+2),22:30:00,08h 20m,06:50:00,449,34,2.8
Amritsar to Delhi,https://www.redbus.in/bus-tickets/amritsar-to-delhi,Ram Dalal Holidays,Bharat Benz A/C Sleeper (2+1),22:10:00,07h 05m,05:15:00,509,39,4
Delhi Airport to Patiala,https://www.redbus.in/bus-tickets/delhi-airport-to-patiala,Indo Canadian Transport Pvt. Ltd.,A/C Sleeper (2+1),13:30:00,06h 00m,19:30:00,3000,30,4.5
Delhi Airport to Patiala,https://www.redbus.in/bus-tickets/delhi-airport-to-patiala,Indo Canadian Transport Pvt. Ltd.,A/C Sleeper (2+1),13:30:00,06h 00m,19:30:00,3000,30,4.5
Delhi Airport to Patiala,https://www.redbus.in/bus-tickets/delhi-airport-to-patiala,Indo Canadian Transport Pvt. Ltd.,A/C Sleeper (2+1),13:30:00,06h 00m,19:30:00,3000,30,4.5
Delhi Airport to Patiala,https://www.redbus.in/bus-tickets/delhi-airport-to-patiala,Indo Canadian Transport Pvt. Ltd.,A/C Semi Sleeper (2+2),14:30:00,09h 00m,23:30:00,3000,30,4.5
Delhi Airport to Patiala,https://www.redbus.in/bus-tickets/delhi-airport-to-patiala,Indo Canadian Transport Pvt. Ltd.,A/C Semi Sleeper (2+2),15:30:00,09h 00m,00:30:00,2500,51,4.5
Delhi Airport to Patiala,https://www.redbus.in/bus-tickets/delhi-airport-to-patiala,Indo Canadian Transport Pvt. Ltd.,A/C Semi Sleeper (2+2),15:30:00,09h 00m,00:30:00,3300,49,4.5
Delhi Airport to Patiala,https://www.redbus.in/bus-tickets/delhi-airport-to-patiala,Indo Canadian Transport Pvt. Ltd.,A/C Semi Sleeper (2+2),16:30:00,09h 00m,01:30:00,3300,51,4.5
Delhi Airport to Patiala,https://www.redbus.in/bus-tickets/delhi-airport-to-patiala,Indo Canadian Transport Pvt. Ltd.,A/C Semi Sleeper (2+2),17:00:00,09h 00m,02:00:00,2500,51,4.5
Delhi Airport to Patiala,https://www.redbus.in/bus-tickets/delhi-airport-to-patiala,Indo Canadian Transport Pvt. Ltd.,A/C Semi Sleeper (2+2),17:30:00,06h 00m,23:30:00,2500,51,4.5
Delhi Airport to Patiala,https://www.redbus.in/bus-tickets/delhi-airport-to-patiala,Indo Canadian Transport Pvt. Ltd.,A/C Semi Sleeper (2+2),19:30:00,09h 00m,04:30:00,2500,51,4.5
Delhi Airport to Patiala,https://www.redbus.in/bus-tickets/delhi-airport-to-patiala,Indo Canadian Transport Pvt. Ltd.,A/C Sleeper (2+1),22:00:00,09h 00m,07:00:00,3000,42,4.5
Delhi Airport to Patiala,https://www.redbus.in/bus-tickets/delhi-airport-to-patiala,Indo Canadian Transport Pvt. Ltd.,A/C Semi Sleeper (2+2),23:30:00,06h 00m,05:30:00,2500,44,4.5
Delhi Airport to Patiala,https://www.redbus.in/bus-tickets/delhi-airport-to-patiala,Indo Canadian Transport Pvt. Ltd.,A/C Semi Sleeper (2+2),23:30:00,09h 00m,08:30:00,2500,44,4.5
Delhi Airport to Patiala,https://www.redbus.in/bus-tickets/delhi-airport-to-patiala,Indo Canadian Transport Pvt. Ltd.,A/C Semi Sleeper (2+2),23:30:00,09h 00m,08:30:00,3300,44,4.5
Amritsar to Delhi Airport,https://www.redbus.in/bus-tickets/amritsar-to-delhi-airport,PEPSU (Punjab) - 67098,Volvo AC Seater (2+2),15:50:00,12h 15m,04:05:00,1340,37,3.8
Amritsar to Delhi Airport,https://www.redbus.in/bus-tickets/amritsar-to-delhi-airport,Indo Canadian Transport Pvt. Ltd.,A/C Sleeper (2+1),18:00:00,13h 00m,07:00:00,3850,38,4.5
Amritsar to Delhi Airport,https://www.redbus.in/bus-tickets/amritsar-to-delhi-airport,Indo Canadian Transport Pvt. Ltd.,A/C Semi Sleeper (2+2),16:00:00,13h 00m,05:00:00,3300,45,4.5
Amritsar to Delhi Airport,https://www.redbus.in/bus-tickets/amritsar-to-delhi-airport,Indo Canadian Transport Pvt. Ltd.,A/C Semi Sleeper (2+2),21:55:00,13h 00m,10:55:00,3300,51,4.5
Amritsar to Delhi Airport,https://www.redbus.in/bus-tickets/amritsar-to-delhi-airport,Indo Canadian Transport Pvt. Ltd.,A/C Semi Sleeper (2+2),21:00:00,13h 00m,10:00:00,3300,44,4.5
Amritsar to Delhi Airport,https://www.redbus.in/bus-tickets/amritsar-to-delhi-airport,Indo Canadian Transport Pvt. Ltd.,A/C Semi Sleeper (2+2),16:00:00,11h 00m,03:00:00,2500,51,4.5
Amritsar to Delhi Airport,https://www.redbus.in/bus-tickets/amritsar-to-delhi-airport,Indo Canadian Transport Pvt. Ltd.,A/C Semi Sleeper (2+2),14:03:00,11h 05m,01:08:00,2500,44,4.5
Amritsar to Delhi Airport,https://www.redbus.in/bus-tickets/amritsar-to-delhi-airport,Indo Canadian Transport Pvt. Ltd.,A/C Sleeper (2+1),21:55:00,11h 00m,08:55:00,3000,30,4.5
Amritsar to Delhi Airport,https://www.redbus.in/bus-tickets/amritsar-to-delhi-airport,Indo Canadian Transport Pvt. Ltd.,A/C Semi Sleeper (2+2),14:00:00,13h 00m,03:00:00,3300,31,4.5
Kapurthala to Delhi,https://www.redbus.in/bus-tickets/kapurthala-to-delhi,PEPSU (Punjab) - 67135,Volvo AC Seater (2+2),14:22:00,11h 13m,01:35:00,1078,35,3.8
Delhi Airport to Jalandhar,https://www.redbus.in/bus-tickets/delhi-airport-to-jalandhar,PEPSU (Punjab) - 67132,Volvo AC Seater (2+2),15:50:00,09h 00m,00:50:00,1130,39,2.6
Delhi Airport to Jalandhar,https://www.redbus.in/bus-tickets/delhi-airport-to-jalandhar,PEPSU (Punjab) - 67121,Volvo AC Seater (2+2),21:00:00,09h 20m,06:20:00,1130,35,2.6
Delhi Airport to Jalandhar,https://www.redbus.in/bus-tickets/delhi-airport-to-jalandhar,PEPSU (Punjab) - 67064,Volvo AC Seater (2+2),23:58:00,09h 00m,08:58:00,1130,33,2.6
Delhi Airport to Jalandhar,https://www.redbus.in/bus-tickets/delhi-airport-to-jalandhar,Indo Canadian Transport Pvt. Ltd.,A/C Semi Sleeper (2+2),23:30:00,11h 45m,11:15:00,3300,39,4.5
Delhi Airport to Jalandhar,https://www.redbus.in/bus-tickets/delhi-airport-to-jalandhar,Indo Canadian Transport Pvt. Ltd.,A/C Semi Sleeper (2+2),13:00:00,11h 45m,00:45:00,3300,43,4.5
Delhi Airport to Jalandhar,https://www.redbus.in/bus-tickets/delhi-airport-to-jalandhar,Indo Canadian Transport Pvt. Ltd.,A/C Semi Sleeper (2+2),19:30:00,11h 45m,07:15:00,3300,51,4.5
Delhi Airport to Jalandhar,https://www.redbus.in/bus-tickets/delhi-airport-to-jalandhar,Indo Canadian Transport Pvt. Ltd.,A/C Sleeper (2+1),22:00:00,11h 45m,09:45:00,3850,41,4.5
Delhi Airport to Jalandhar,https://www.redbus.in/bus-tickets/delhi-airport-to-jalandhar,Indo Canadian Transport Pvt. Ltd.,A/C Semi Sleeper (2+2),16:00:00,11h 45m,03:45:00,3300,44,4.5
Delhi Airport to Jalandhar,https://www.redbus.in/bus-tickets/delhi-airport-to-jalandhar,Zingbus Plus,Scania A/C Semi Sleeper (2+2),19:50:00,10h 30m,06:20:00,1019,23,4.3
Chandigarh to Bathinda,https://www.redbus.in/bus-tickets/chandigarh-to-bathinda,Chandigarh Transport Undertaking (CTU) - 165965,HVAC Seater (2+3),15:10:00,05h 30m,20:40:00,371.43,47,4.4
Chandigarh to Bathinda,https://www.redbus.in/bus-tickets/chandigarh-to-bathinda,Orbit Aviation Pvt. Ltd.,A/C Seater (2+2),14:05:00,04h 15m,18:20:00,600,23,3.6
Chandigarh to Bathinda,https://www.redbus.in/bus-tickets/chandigarh-to-bathinda,Orbit Aviation Pvt. Ltd.,A/C Seater (2+2),14:50:00,03h 50m,18:40:00,500,41,3.7
Chandigarh to Bathinda,https://www.redbus.in/bus-tickets/chandigarh-to-bathinda,Orbit Aviation Pvt. Ltd.,A/C Seater (2+2),15:25:00,03h 45m,19:10:00,500,15,3.9
Chandigarh to Bathinda,https://www.redbus.in/bus-tickets/chandigarh-to-bathinda,Orbit Aviation Pvt. Ltd.,A/C Seater (2+2),16:55:00,03h 45m,20:40:00,600,39,3.1
Chandigarh to Bathinda,https://www.redbus.in/bus-tickets/chandigarh-to-bathinda,RATHORE TRAVELS AGENCY,AC Sleeper (2+1),18:30:00,04h 45m,23:15:00,700,15,4.8
Chandigarh to Bathinda,https://www.redbus.in/bus-tickets/chandigarh-to-bathinda,Rajpreet Travels and cargo,A/C Sleeper (2+1),20:00:00,05h 15m,01:15:00,466,26,3.5
Chandigarh to Bathinda,https://www.redbus.in/bus-tickets/chandigarh-to-bathinda,Zimindara Travels,AC Sleeper (2+1),20:00:00,05h 30m,01:30:00,810,24,4.1
Chandigarh to Bathinda,https://www.redbus.in/bus-tickets/chandigarh-to-bathinda,Zimindara Travels,AC Sleeper (2+1),20:05:00,05h 25m,01:30:00,810,34,4.1
Chandigarh to Bathinda,https://www.redbus.in/bus-tickets/chandigarh-to-bathinda,Zimindara Travels,AC Sleeper (2+1),20:15:00,05h 15m,01:30:00,810,34,4.1
Chandigarh to Bathinda,https://www.redbus.in/bus-tickets/chandigarh-to-bathinda,Zimindara Travels,AC Sleeper (2+1),20:30:00,05h 20m,01:50:00,770,29,4.1
Chandigarh to Bathinda,https://www.redbus.in/bus-tickets/chandigarh-to-bathinda,Zimindara Travels,AC Sleeper (2+1),20:35:00,05h 15m,01:50:00,810,29,4.1
Chandigarh to Bathinda,https://www.redbus.in/bus-tickets/chandigarh-to-bathinda,Rajpreet Travels and cargo,A/C Sleeper (2+1),20:40:00,05h 20m,02:00:00,658,34,3.5
Chandigarh to Bathinda,https://www.redbus.in/bus-tickets/chandigarh-to-bathinda,Zimindara Travels,AC Sleeper (2+1),20:45:00,05h 05m,01:50:00,810,29,4.1
Chandigarh to Bathinda,https://www.redbus.in/bus-tickets/chandigarh-to-bathinda,Rajpreet Travels and cargo,A/C Sleeper (2+1),21:00:00,04h 30m,01:30:00,705,34,3.5
Chandigarh to Bathinda,https://www.redbus.in/bus-tickets/chandigarh-to-bathinda,Orbit Aviation Pvt. Ltd.,Mercedes Benz A/C Sleeper (2+1),21:15:00,04h 15m,01:30:00,525,28,3.7
Chandigarh to Bathinda,https://www.redbus.in/bus-tickets/chandigarh-to-bathinda,Orbit Aviation Pvt. Ltd.,Mercedes Benz A/C Sleeper (2+1),21:20:00,04h 10m,01:30:00,775,42,3.7
Chandigarh to Bathinda,https://www.redbus.in/bus-tickets/chandigarh-to-bathinda,Orbit Aviation Pvt. Ltd.,Mercedes Benz A/C Sleeper (2+1),21:30:00,04h 00m,01:30:00,525,28,3.5
Chandigarh to Bathinda,https://www.redbus.in/bus-tickets/chandigarh-to-bathinda,New deep bus service,Volvo Multi-Axle A/C Seater (2+2),12:35:00,04h 05m,16:40:00,571.43,20,2.7
Chandigarh to Bathinda,https://www.redbus.in/bus-tickets/chandigarh-to-bathinda,Orbit Aviation Pvt. Ltd.,A/C Seater (2+2),13:30:00,04h 00m,17:30:00,500,44,2.7
Chandigarh to Bathinda,https://www.redbus.in/bus-tickets/chandigarh-to-bathinda,AMBIKA MISHRA TRAVELS,AC Sleeper (2+1),20:40:00,04h 30m,01:10:00,650,27,2.5
Chandigarh to Bathinda,https://www.redbus.in/bus-tickets/chandigarh-to-bathinda,Rajpreet Travels and cargo,A/C Sleeper (2+1),19:00:00,04h 00m,23:00:00,950,23,3.5
Chandigarh to Faridkot,https://www.redbus.in/bus-tickets/chandigarh-to-faridkot,Jujhar Travels,Volvo A/C Semi Sleeper (2+2),16:20:00,04h 25m,20:45:00,600,38,4
Chandigarh to Patiala,https://www.redbus.in/bus-tickets/chandigarh-to-patiala,Orbit Aviation Pvt. Ltd.,A/C Seater (2+2),14:50:00,01h 40m,16:30:00,200,42,3.9
Chandigarh to Patiala,https://www.redbus.in/bus-tickets/chandigarh-to-patiala,Orbit Aviation Pvt. Ltd.,A/C Seater (2+2),15:25:00,01h 20m,16:45:00,200,26,3.7
Chandigarh to Patiala,https://www.redbus.in/bus-tickets/chandigarh-to-patiala,Orbit Aviation Pvt. Ltd.,A/C Seater (2+2),13:30:00,01h 50m,15:20:00,200,47,2.3
Chandigarh to Patiala,https://www.redbus.in/bus-tickets/chandigarh-to-patiala,Orbit Aviation Pvt. Ltd.,A/C Seater (2+2),13:55:00,01h 45m,15:40:00,200,45,2.5
Chandigarh to Patiala,https://www.redbus.in/bus-tickets/chandigarh-to-patiala,Orbit Aviation Pvt. Ltd.,A/C Seater (2+2),16:55:00,01h 35m,18:30:00,200,38,2.7
